policy,rng_mode,cache_mode,median_runtime_s,samples_per_s,speedup_vs_same_rng_no_cache,runtime_ratio_vs_global_no_cache,trace_match_all,trace_match_after_epoch0,mean_unique_outputs_per_sample
global:none,global,none,0.40303429999999985,297.74140811340385,1.0,1.0,1.0,1.0,5
global:prefix,global,prefix,0.23731029999999986,505.667052799647,1.6983430554847392,0.5888091906817855,0.2,0.0,5
global:full,global,full,0.09842900000000032,1219.1528919322518,4.094670269940755,0.24421990882661937,0.2,0.0,1
operator_keyed:none,operator_keyed,none,1.3470741000000004,89.0819591884366,1.0,3.3423311613924693,1.0,1.0,5
operator_keyed:prefix,operator_keyed,prefix,0.7611945000000002,157.6469614533473,1.7696844893125212,1.8886593523181539,1.0,1.0,5
operator_keyed:full,operator_keyed,full,0.26290440000000004,456.4396792141934,5.1238172506812365,0.6523127187934132,0.2,0.0,1
torch_keyed:none,torch_keyed,none,1.115630300000003,107.56251421281735,1.0,2.7680778037998337,1.0,1.0,5
torch_keyed:prefix,torch_keyed,prefix,0.8269287999999975,145.11527473707577,1.3491249790792224,2.051757877679388,1.0,1.0,5
torch_keyed:full,torch_keyed,full,0.2429099000000008,494.0103305793614,4.592774110894613,0.6027027972557196,0.2,0.0,1
