sample_id,match,recomputed_sha256,cached_sha256
0,True,1519f2bd036099e85a6ba0581a9138290da8bba1a576c1ea8780e73f17173bfc,1519f2bd036099e85a6ba0581a9138290da8bba1a576c1ea8780e73f17173bfc
26,True,284ae6fa007f4e0e69c677b153251226b171fe12075656280424dc5fba3f0605,284ae6fa007f4e0e69c677b153251226b171fe12075656280424dc5fba3f0605
52,True,e51ea5c844e7194ef59f61b17e4f70217b00fc3e946ada9b01ed4c5b1329b808,e51ea5c844e7194ef59f61b17e4f70217b00fc3e946ada9b01ed4c5b1329b808
78,True,ccf37e20bef1988400d13a0db00c220f4c54cd1e6b5499c5f4dbf97628631147,ccf37e20bef1988400d13a0db00c220f4c54cd1e6b5499c5f4dbf97628631147
104,True,a819b9b86713dfcc737d6b211f114b202655977a36613e3540d67761f0ddbc1e,a819b9b86713dfcc737d6b211f114b202655977a36613e3540d67761f0ddbc1e
130,True,2aee95282ad4caba7350d13539e344650b9307be1e5272ec2a99218b1bf8737b,2aee95282ad4caba7350d13539e344650b9307be1e5272ec2a99218b1bf8737b
156,True,6bca5437d4b2f19af1fded74c438116964876d373603a00602d2e7a75a860b8d,6bca5437d4b2f19af1fded74c438116964876d373603a00602d2e7a75a860b8d
182,True,e97dc5dc2681572a489768ec46f65fd2c9842020318b9c39073439d9c30f34a7,e97dc5dc2681572a489768ec46f65fd2c9842020318b9c39073439d9c30f34a7
208,True,5e95cfa7196c38956b51ece120a22f8ae3d971b819f5f4109d6a447827f50da2,5e95cfa7196c38956b51ece120a22f8ae3d971b819f5f4109d6a447827f50da2
234,True,42140fd6d908b816dd5de568aeae418efa690fc3570a254c0a1af36c6d1941c6,42140fd6d908b816dd5de568aeae418efa690fc3570a254c0a1af36c6d1941c6
260,True,56eadd05b84cfab9ab8ba3b77e180a8aa4bd8051090e43da1e09454a058ffeab,56eadd05b84cfab9ab8ba3b77e180a8aa4bd8051090e43da1e09454a058ffeab
286,True,f4eefcdef305bfc72aad771adabc5bfef706b198d9c303fbd3e045283602d743,f4eefcdef305bfc72aad771adabc5bfef706b198d9c303fbd3e045283602d743
313,True,a1a1a2fcad3c899a3c3df01f564f538cdf98196c9d96eb5375974ed2ab5f54ab,a1a1a2fcad3c899a3c3df01f564f538cdf98196c9d96eb5375974ed2ab5f54ab
339,True,bc544be82b28c11545647d6bcdce1de70f535e462e94dec439a88e3b254ced54,bc544be82b28c11545647d6bcdce1de70f535e462e94dec439a88e3b254ced54
365,True,6a410a0dd6455f539bd5c46516b6fb19136dfec745e0480227976ea749444501,6a410a0dd6455f539bd5c46516b6fb19136dfec745e0480227976ea749444501
391,True,f87208a17c1bf8841165d96ec493232e24f1a93a49961a780dda8a202e414673,f87208a17c1bf8841165d96ec493232e24f1a93a49961a780dda8a202e414673
417,True,e8c3869dd2d2070060420a45ff83e48cc5dbcd5499699c293562a9b7b55c53d5,e8c3869dd2d2070060420a45ff83e48cc5dbcd5499699c293562a9b7b55c53d5
443,True,da7667bc0fa6f460e4da627c30408e8db3654479a4f60b7d02e79ac9f0d9017b,da7667bc0fa6f460e4da627c30408e8db3654479a4f60b7d02e79ac9f0d9017b
469,True,515885f30f0851a4b9b25e00202ed496a6a4e99fc854efc746c77b8778a99ff8,515885f30f0851a4b9b25e00202ed496a6a4e99fc854efc746c77b8778a99ff8
495,True,6576c3175f9e7ad94c93b34929bf3168c92a370720e79e87c52f1e9911da3da2,6576c3175f9e7ad94c93b34929bf3168c92a370720e79e87c52f1e9911da3da2
521,True,453ea28a81aec9a1b80e8e4b76bac8f36f1c8280af477323058fed7a89b8db03,453ea28a81aec9a1b80e8e4b76bac8f36f1c8280af477323058fed7a89b8db03
547,True,0b1ff20bd61dd095854f0bd3951b339a529e727d2384cd885c48b48b631bcd6c,0b1ff20bd61dd095854f0bd3951b339a529e727d2384cd885c48b48b631bcd6c
573,True,1c0a8c442876bfbef3215d8e42df671504771e98b49168f0eb63adbefa952e1d,1c0a8c442876bfbef3215d8e42df671504771e98b49168f0eb63adbefa952e1d
599,True,c36657e0da55234e993a3f05984ed0dd0480ed8fa011512ce1fc1e4da7f8d1bc,c36657e0da55234e993a3f05984ed0dd0480ed8fa011512ce1fc1e4da7f8d1bc
