policy,candidate_id,pipeline,position,rewrite_kind,left,right,context_id,optimizer_score,contract_admitted,eligible,selected,oracle_safe,decision_correct,reasons,contract_sha256,evidence_class,oracle_evidence
fail_closed,classification_a:0:resize->fixed_blur,classification_a,0,adjacent_swap,resize,fixed_blur,h3/float/float,1.0,False,False,False,False,True,missing_contract,bd6a4b12aa18c6d3d1f5ce596e159956ef0ea8cafd2adcd50c3ebda59fcabd87,safety_lower_bound,trial=1000:value_or_signature_mismatch
fail_closed,classification_a:1:fixed_blur->hflip,classification_a,1,adjacent_swap,fixed_blur,hflip,h3/float/float,1.0,False,False,False,True,False,missing_contract,bd6a4b12aa18c6d3d1f5ce596e159956ef0ea8cafd2adcd50c3ebda59fcabd87,safety_lower_bound,no_counterexample_in_48_trials
fail_closed,classification_a:2:hflip->color_jitter,classification_a,2,adjacent_swap,hflip,color_jitter,h3/float/float,1.0,False,False,False,True,False,missing_contract,bd6a4b12aa18c6d3d1f5ce596e159956ef0ea8cafd2adcd50c3ebda59fcabd87,safety_lower_bound,no_counterexample_in_48_trials
fail_closed,classification_a:3:color_jitter->normalize,classification_a,3,adjacent_swap,color_jitter,normalize,h3/float/float,1.0,False,False,False,False,True,missing_contract,bd6a4b12aa18c6d3d1f5ce596e159956ef0ea8cafd2adcd50c3ebda59fcabd87,safety_lower_bound,trial=1000:value_or_signature_mismatch
fail_closed,classification_b:0:pad->random_crop,classification_b,0,adjacent_swap,pad,random_crop,h3/float/float,1.0,False,False,False,False,True,missing_contract,bd6a4b12aa18c6d3d1f5ce596e159956ef0ea8cafd2adcd50c3ebda59fcabd87,safety_lower_bound,trial=1000:value_or_signature_mismatch
fail_closed,classification_b:1:random_crop->random_resized_crop,classification_b,1,adjacent_swap,random_crop,random_resized_crop,h3/float/float,1.0,False,False,False,False,True,missing_contract,bd6a4b12aa18c6d3d1f5ce596e159956ef0ea8cafd2adcd50c3ebda59fcabd87,safety_lower_bound,trial=1000:value_or_signature_mismatch
fail_closed,classification_b:2:random_resized_crop->vflip,classification_b,2,adjacent_swap,random_resized_crop,vflip,h3/float/float,1.0,False,False,False,False,True,missing_contract,bd6a4b12aa18c6d3d1f5ce596e159956ef0ea8cafd2adcd50c3ebda59fcabd87,safety_lower_bound,trial=1003:value_or_signature_mismatch
fail_closed,classification_b:3:vflip->random_solarize,classification_b,3,adjacent_swap,vflip,random_solarize,h3/float/float,1.0,False,False,False,True,False,missing_contract,bd6a4b12aa18c6d3d1f5ce596e159956ef0ea8cafd2adcd50c3ebda59fcabd87,safety_lower_bound,no_counterexample_in_48_trials
fail_closed,classification_b:4:random_solarize->normalize,classification_b,4,adjacent_swap,random_solarize,normalize,h3/float/float,1.0,False,False,False,False,True,missing_contract,bd6a4b12aa18c6d3d1f5ce596e159956ef0ea8cafd2adcd50c3ebda59fcabd87,safety_lower_bound,trial=1002:value_or_signature_mismatch
fail_closed,geometry:0:center_crop->resize,geometry,0,adjacent_swap,center_crop,resize,h3/float/float,1.0,False,False,False,False,True,missing_contract,bd6a4b12aa18c6d3d1f5ce596e159956ef0ea8cafd2adcd50c3ebda59fcabd87,safety_lower_bound,trial=1000:value_or_signature_mismatch
fail_closed,geometry:1:resize->random_rotation,geometry,1,adjacent_swap,resize,random_rotation,h3/float/float,1.0,False,False,False,False,True,missing_contract,bd6a4b12aa18c6d3d1f5ce596e159956ef0ea8cafd2adcd50c3ebda59fcabd87,safety_lower_bound,trial=1000:value_or_signature_mismatch
fail_closed,geometry:2:random_rotation->random_sharpness,geometry,2,adjacent_swap,random_rotation,random_sharpness,h3/float/float,1.0,False,False,False,False,True,missing_contract,bd6a4b12aa18c6d3d1f5ce596e159956ef0ea8cafd2adcd50c3ebda59fcabd87,safety_lower_bound,trial=1002:value_or_signature_mismatch
fail_closed,geometry:3:random_sharpness->variable_blur,geometry,3,adjacent_swap,random_sharpness,variable_blur,h3/float/float,1.0,False,False,False,False,True,missing_contract,bd6a4b12aa18c6d3d1f5ce596e159956ef0ea8cafd2adcd50c3ebda59fcabd87,safety_lower_bound,trial=1002:value_or_signature_mismatch
fail_closed,geometry:4:variable_blur->normalize,geometry,4,adjacent_swap,variable_blur,normalize,h3/float/float,1.0,False,False,False,True,False,missing_contract,bd6a4b12aa18c6d3d1f5ce596e159956ef0ea8cafd2adcd50c3ebda59fcabd87,safety_lower_bound,no_counterexample_in_48_trials
fail_closed,equivariant:0:identity->hflip,equivariant,0,adjacent_swap,identity,hflip,h3/float/float,1.0,False,False,False,True,False,missing_contract,bd6a4b12aa18c6d3d1f5ce596e159956ef0ea8cafd2adcd50c3ebda59fcabd87,safety_lower_bound,no_counterexample_in_48_trials
fail_closed,equivariant:1:hflip->vflip,equivariant,1,adjacent_swap,hflip,vflip,h3/float/float,1.0,False,False,False,True,False,missing_contract,bd6a4b12aa18c6d3d1f5ce596e159956ef0ea8cafd2adcd50c3ebda59fcabd87,safety_lower_bound,no_counterexample_in_48_trials
fail_closed,equivariant:2:vflip->random_grayscale,equivariant,2,adjacent_swap,vflip,random_grayscale,h3/float/float,1.0,False,False,False,True,False,missing_contract,bd6a4b12aa18c6d3d1f5ce596e159956ef0ea8cafd2adcd50c3ebda59fcabd87,safety_lower_bound,no_counterexample_in_48_trials
fail_closed,equivariant:3:random_grayscale->random_invert,equivariant,3,adjacent_swap,random_grayscale,random_invert,h3/float/float,1.0,False,False,False,False,True,missing_contract,bd6a4b12aa18c6d3d1f5ce596e159956ef0ea8cafd2adcd50c3ebda59fcabd87,safety_lower_bound,trial=1001:value_or_signature_mismatch
fail_closed,equivariant:4:random_invert->rgb,equivariant,4,adjacent_swap,random_invert,rgb,h3/float/float,1.0,False,False,False,True,False,missing_contract,bd6a4b12aa18c6d3d1f5ce596e159956ef0ea8cafd2adcd50c3ebda59fcabd87,safety_lower_bound,no_counterexample_in_48_trials
fail_closed,warps:0:random_affine->random_perspective,warps,0,adjacent_swap,random_affine,random_perspective,h3/float/float,1.0,False,False,False,False,True,missing_contract,bd6a4b12aa18c6d3d1f5ce596e159956ef0ea8cafd2adcd50c3ebda59fcabd87,safety_lower_bound,trial=1000:value_or_signature_mismatch
fail_closed,warps:1:random_perspective->resize,warps,1,adjacent_swap,random_perspective,resize,h3/float/float,1.0,False,False,False,False,True,missing_contract,bd6a4b12aa18c6d3d1f5ce596e159956ef0ea8cafd2adcd50c3ebda59fcabd87,safety_lower_bound,trial=1000:value_or_signature_mismatch
fail_closed,warps:2:resize->color_jitter,warps,2,adjacent_swap,resize,color_jitter,h3/float/float,1.0,False,False,False,False,True,missing_contract,bd6a4b12aa18c6d3d1f5ce596e159956ef0ea8cafd2adcd50c3ebda59fcabd87,safety_lower_bound,trial=1000:value_or_signature_mismatch
fail_closed,warps:3:color_jitter->normalize,warps,3,adjacent_swap,color_jitter,normalize,h3/float/float,1.0,False,False,False,False,True,missing_contract,bd6a4b12aa18c6d3d1f5ce596e159956ef0ea8cafd2adcd50c3ebda59fcabd87,safety_lower_bound,trial=1000:value_or_signature_mismatch
fail_closed,dtype_boundary:0:to_float->normalize,dtype_boundary,0,adjacent_swap,to_float,normalize,h3/uint8/uint8,1.0,False,False,False,False,True,missing_contract,bd6a4b12aa18c6d3d1f5ce596e159956ef0ea8cafd2adcd50c3ebda59fcabd87,safety_lower_bound,trial=1000:exception:TypeError
fail_closed,dtype_boundary:1:normalize->hflip,dtype_boundary,1,adjacent_swap,normalize,hflip,h3/uint8/float,1.0,False,False,False,True,False,missing_contract,bd6a4b12aa18c6d3d1f5ce596e159956ef0ea8cafd2adcd50c3ebda59fcabd87,safety_lower_bound,no_counterexample_in_48_trials
fail_closed,dtype_boundary:2:hflip->color_jitter,dtype_boundary,2,adjacent_swap,hflip,color_jitter,h3/uint8/float,1.0,False,False,False,True,False,missing_contract,bd6a4b12aa18c6d3d1f5ce596e159956ef0ea8cafd2adcd50c3ebda59fcabd87,safety_lower_bound,no_counterexample_in_48_trials
fail_closed,uint8_photo:0:random_posterize->random_equalize,uint8_photo,0,adjacent_swap,random_posterize,random_equalize,h3/uint8/uint8,1.0,False,False,False,False,True,missing_contract,bd6a4b12aa18c6d3d1f5ce596e159956ef0ea8cafd2adcd50c3ebda59fcabd87,safety_lower_bound,trial=1000:value_or_signature_mismatch
fail_closed,uint8_photo:1:random_equalize->random_autocontrast,uint8_photo,1,adjacent_swap,random_equalize,random_autocontrast,h3/uint8/uint8,1.0,False,False,False,True,False,missing_contract,bd6a4b12aa18c6d3d1f5ce596e159956ef0ea8cafd2adcd50c3ebda59fcabd87,safety_lower_bound,no_counterexample_in_48_trials
fail_closed,foreign_rng:0:python_gamma->numpy_offset,foreign_rng,0,adjacent_swap,python_gamma,numpy_offset,h3/float/float,1.0,False,False,False,False,True,missing_contract,bd6a4b12aa18c6d3d1f5ce596e159956ef0ea8cafd2adcd50c3ebda59fcabd87,safety_lower_bound,trial=1000:value_or_signature_mismatch
fail_closed,foreign_rng:1:numpy_offset->hflip,foreign_rng,1,adjacent_swap,numpy_offset,hflip,h3/float/float,1.0,False,False,False,True,False,missing_contract,bd6a4b12aa18c6d3d1f5ce596e159956ef0ea8cafd2adcd50c3ebda59fcabd87,safety_lower_bound,no_counterexample_in_48_trials
fail_closed,foreign_rng:2:hflip->fixed_blur,foreign_rng,2,adjacent_swap,hflip,fixed_blur,h3/float/float,1.0,False,False,False,True,False,missing_contract,bd6a4b12aa18c6d3d1f5ce596e159956ef0ea8cafd2adcd50c3ebda59fcabd87,safety_lower_bound,no_counterexample_in_48_trials
fail_closed,hidden_state:0:stateful_offset->resize,hidden_state,0,adjacent_swap,stateful_offset,resize,h3/float/float,1.0,False,False,False,False,True,missing_contract,bd6a4b12aa18c6d3d1f5ce596e159956ef0ea8cafd2adcd50c3ebda59fcabd87,safety_lower_bound,manual_unsafe_hidden_or_external_state
fail_closed,hidden_state:1:resize->hflip,hidden_state,1,adjacent_swap,resize,hflip,h3/float/float,1.0,False,False,False,True,False,missing_contract,bd6a4b12aa18c6d3d1f5ce596e159956ef0ea8cafd2adcd50c3ebda59fcabd87,safety_lower_bound,no_counterexample_in_48_trials
fail_closed,hidden_state:2:hflip->normalize,hidden_state,2,adjacent_swap,hflip,normalize,h3/float/float,1.0,False,False,False,True,False,missing_contract,bd6a4b12aa18c6d3d1f5ce596e159956ef0ea8cafd2adcd50c3ebda59fcabd87,safety_lower_bound,no_counterexample_in_48_trials
fail_closed,external_state:0:external_env->center_crop,external_state,0,adjacent_swap,external_env,center_crop,h3/float/float,1.0,False,False,False,False,True,missing_contract,bd6a4b12aa18c6d3d1f5ce596e159956ef0ea8cafd2adcd50c3ebda59fcabd87,safety_lower_bound,manual_unsafe_hidden_or_external_state
fail_closed,external_state:1:center_crop->color_jitter,external_state,1,adjacent_swap,center_crop,color_jitter,h3/float/float,1.0,False,False,False,False,True,missing_contract,bd6a4b12aa18c6d3d1f5ce596e159956ef0ea8cafd2adcd50c3ebda59fcabd87,safety_lower_bound,trial=1000:value_or_signature_mismatch
fail_closed,external_state:2:color_jitter->random_erasing,external_state,2,adjacent_swap,color_jitter,random_erasing,h3/float/float,1.0,False,False,False,False,True,missing_contract,bd6a4b12aa18c6d3d1f5ce596e159956ef0ea8cafd2adcd50c3ebda59fcabd87,safety_lower_bound,trial=1001:value_or_signature_mismatch
registry_only,classification_a:0:resize->fixed_blur,classification_a,0,adjacent_swap,resize,fixed_blur,h3/float/float,1.0,False,False,False,False,True,fixed_blur:stateful_or_unknown,3052d49ae407f0bae06e46f582bf150d5d55944348bc03855041aa5e7224d972,registry_only_effect_contract_plus_validator,trial=1000:value_or_signature_mismatch
registry_only,classification_a:1:fixed_blur->hflip,classification_a,1,adjacent_swap,fixed_blur,hflip,h3/float/float,1.0,False,False,False,True,False,fixed_blur:stateful_or_unknown,9ed63182042a1cfd8c68a208aca501490305568d3dfbe99d024079f0f6f18ab2,registry_only_effect_contract_plus_validator,no_counterexample_in_48_trials
registry_only,classification_a:2:hflip->color_jitter,classification_a,2,adjacent_swap,hflip,color_jitter,h3/float/float,1.0,True,True,True,True,True,none,90add61911f7df47830dc68d5f9c1b7db1996eec5aaf31b71da694b2a60ef80d,registry_only_effect_contract_plus_validator,no_counterexample_in_48_trials
registry_only,classification_a:3:color_jitter->normalize,classification_a,3,adjacent_swap,color_jitter,normalize,h3/float/float,1.0,False,False,False,False,True,trial=0:value_or_signature_mismatch,e344f611f2c40149b6585713bb2d42541b1f288a18ecfa3a88e01fb02d571f95,registry_only_effect_contract_plus_validator,trial=1000:value_or_signature_mismatch
registry_only,classification_b:0:pad->random_crop,classification_b,0,adjacent_swap,pad,random_crop,h3/float/float,1.0,False,False,False,False,True,pad:stateful_or_unknown,b9a8b439043b0ce26812ef83ae4e661574d523067602e8a631a05cca59913c82,registry_only_effect_contract_plus_validator,trial=1000:value_or_signature_mismatch
registry_only,classification_b:1:random_crop->random_resized_crop,classification_b,1,adjacent_swap,random_crop,random_resized_crop,h3/float/float,1.0,False,False,False,False,True,random_resized_crop:stateful_or_unknown,897015260546b7ae13829462e9397075ed60e72600d06f5a029c2af6259226a7,registry_only_effect_contract_plus_validator,trial=1000:value_or_signature_mismatch
registry_only,classification_b:2:random_resized_crop->vflip,classification_b,2,adjacent_swap,random_resized_crop,vflip,h3/float/float,1.0,False,False,False,False,True,random_resized_crop:stateful_or_unknown,85c62615fa4fdac4b25c4e7b5fdac65074e09dd1a1499fa756a0b1a9539a919a,registry_only_effect_contract_plus_validator,trial=1003:value_or_signature_mismatch
registry_only,classification_b:3:vflip->random_solarize,classification_b,3,adjacent_swap,vflip,random_solarize,h3/float/float,1.0,False,False,False,True,False,vflip:stateful_or_unknown,f04a4c754c6c41c3363e7036ff9a55c705fc853cc6bb374e6b9f19a11a89cdbb,registry_only_effect_contract_plus_validator,no_counterexample_in_48_trials
registry_only,classification_b:4:random_solarize->normalize,classification_b,4,adjacent_swap,random_solarize,normalize,h3/float/float,1.0,False,False,False,False,True,random_solarize:stateful_or_unknown,5012e9ef2ec7eac90337841d866c628ab1035d53cce4fd785ac303d66e95d805,registry_only_effect_contract_plus_validator,trial=1002:value_or_signature_mismatch
registry_only,geometry:0:center_crop->resize,geometry,0,adjacent_swap,center_crop,resize,h3/float/float,1.0,False,False,False,False,True,center_crop:stateful_or_unknown,cc0a461851fbab816e3ef8cdf907061c4860178ed83b1900f52f9819cd36a1c5,registry_only_effect_contract_plus_validator,trial=1000:value_or_signature_mismatch
registry_only,geometry:1:resize->random_rotation,geometry,1,adjacent_swap,resize,random_rotation,h3/float/float,1.0,False,False,False,False,True,random_rotation:stateful_or_unknown,44d9238fc3d419041bab3edc138750f6d6d5f6bdbab5c78d896edccdb45c4656,registry_only_effect_contract_plus_validator,trial=1000:value_or_signature_mismatch
registry_only,geometry:2:random_rotation->random_sharpness,geometry,2,adjacent_swap,random_rotation,random_sharpness,h3/float/float,1.0,False,False,False,False,True,random_rotation:stateful_or_unknown,c9fbd5fc595ab229a4f447df3f65b871faaa8f98b5cd63096f68c54a804751d8,registry_only_effect_contract_plus_validator,trial=1002:value_or_signature_mismatch
registry_only,geometry:3:random_sharpness->variable_blur,geometry,3,adjacent_swap,random_sharpness,variable_blur,h3/float/float,1.0,False,False,False,False,True,random_sharpness:stateful_or_unknown,7c343c6786b5c12c17802f6912ae6d64ad2300fb2264275980c3ffb18f353955,registry_only_effect_contract_plus_validator,trial=1002:value_or_signature_mismatch
registry_only,geometry:4:variable_blur->normalize,geometry,4,adjacent_swap,variable_blur,normalize,h3/float/float,1.0,False,False,False,True,False,variable_blur:stateful_or_unknown,9ffcd5d593a680bcf525ad5f839c75c522cdb1b258c1fd48acb25a034550a4f7,registry_only_effect_contract_plus_validator,no_counterexample_in_48_trials
registry_only,equivariant:0:identity->hflip,equivariant,0,adjacent_swap,identity,hflip,h3/float/float,1.0,True,True,True,True,True,none,595ea41c4aa03a508abf6785c03769805106879bfba9c0f82cd2e04d590593d5,registry_only_effect_contract_plus_validator,no_counterexample_in_48_trials
registry_only,equivariant:1:hflip->vflip,equivariant,1,adjacent_swap,hflip,vflip,h3/float/float,1.0,False,False,False,True,False,vflip:stateful_or_unknown,e6fd6dcc6894d6356b956b09e97f81f830888d512d02e86294b67b7d587f9e3f,registry_only_effect_contract_plus_validator,no_counterexample_in_48_trials
registry_only,equivariant:2:vflip->random_grayscale,equivariant,2,adjacent_swap,vflip,random_grayscale,h3/float/float,1.0,False,False,False,True,False,vflip:stateful_or_unknown,5ff2be6db7e44a1139ba3b96069a2b6294afe3ed20fbdc542f6414ab6d734c21,registry_only_effect_contract_plus_validator,no_counterexample_in_48_trials
registry_only,equivariant:3:random_grayscale->random_invert,equivariant,3,adjacent_swap,random_grayscale,random_invert,h3/float/float,1.0,False,False,False,False,True,random_grayscale:stateful_or_unknown,0fa1cc3f7c6e55aa0d23ddc1844405b998e6e6582fe876a8f08a3e8c22783fc2,registry_only_effect_contract_plus_validator,trial=1001:value_or_signature_mismatch
registry_only,equivariant:4:random_invert->rgb,equivariant,4,adjacent_swap,random_invert,rgb,h3/float/float,1.0,False,False,False,True,False,random_invert:stateful_or_unknown,6cc860a0776e57f2dcb8c83f0c2477a6b5ade2b3780aa7b1d63e7f2d5729b25f,registry_only_effect_contract_plus_validator,no_counterexample_in_48_trials
registry_only,warps:0:random_affine->random_perspective,warps,0,adjacent_swap,random_affine,random_perspective,h3/float/float,1.0,False,False,False,False,True,random_affine:stateful_or_unknown,81bbf75dca0fd86d850c2e0037976e9993ce4cbb85b89c9c06b477079fc5144d,registry_only_effect_contract_plus_validator,trial=1000:value_or_signature_mismatch
registry_only,warps:1:random_perspective->resize,warps,1,adjacent_swap,random_perspective,resize,h3/float/float,1.0,False,False,False,False,True,random_perspective:stateful_or_unknown,86c6b4cdaddaf6c56ea7cc0c1b49aa8346e0c464dac3c711c2435d7c78e364b9,registry_only_effect_contract_plus_validator,trial=1000:value_or_signature_mismatch
registry_only,warps:2:resize->color_jitter,warps,2,adjacent_swap,resize,color_jitter,h3/float/float,1.0,False,False,False,False,True,trial=0:value_or_signature_mismatch,ac2901521ad71bbb9dc9731ef4aa0c2fe331cbc2bedaba7a4bf85328ec1b2e63,registry_only_effect_contract_plus_validator,trial=1000:value_or_signature_mismatch
registry_only,warps:3:color_jitter->normalize,warps,3,adjacent_swap,color_jitter,normalize,h3/float/float,1.0,False,False,False,False,True,trial=0:value_or_signature_mismatch,1d0bd1319920591899f8a385bfc2b6f665ad8f498d60261b17bd8162b1ac60bb,registry_only_effect_contract_plus_validator,trial=1000:value_or_signature_mismatch
registry_only,dtype_boundary:0:to_float->normalize,dtype_boundary,0,adjacent_swap,to_float,normalize,h3/uint8/uint8,1.0,False,False,False,False,True,to_float:stateful_or_unknown,98a33b26fae422bcbdb6365d9ca59697ec76e3e3682d0635d51ba388231a27ca,registry_only_effect_contract_plus_validator,trial=1000:exception:TypeError
registry_only,dtype_boundary:1:normalize->hflip,dtype_boundary,1,adjacent_swap,normalize,hflip,h3/uint8/float,1.0,True,True,True,True,True,none,258a818f20e09850934308ebd3f3121e86059eea83c4001387f49d3d11609916,registry_only_effect_contract_plus_validator,no_counterexample_in_48_trials
registry_only,dtype_boundary:2:hflip->color_jitter,dtype_boundary,2,adjacent_swap,hflip,color_jitter,h3/uint8/float,1.0,True,True,False,True,True,none,8dd50725ff7ab8f2332c257890c2ab9f072da7f4e8e2800e6291f5f1ab6d366c,registry_only_effect_contract_plus_validator,no_counterexample_in_48_trials
registry_only,uint8_photo:0:random_posterize->random_equalize,uint8_photo,0,adjacent_swap,random_posterize,random_equalize,h3/uint8/uint8,1.0,False,False,False,False,True,random_posterize:stateful_or_unknown,f5df9ac58d431cf81a35ac6e85791bfe6b4dfadd9426481249ae0f731f6cda2b,registry_only_effect_contract_plus_validator,trial=1000:value_or_signature_mismatch
registry_only,uint8_photo:1:random_equalize->random_autocontrast,uint8_photo,1,adjacent_swap,random_equalize,random_autocontrast,h3/uint8/uint8,1.0,False,False,False,True,False,random_equalize:stateful_or_unknown,fdd70905905faa0306ebe9e0e47c2bd30fad04b8aadd95ff2a90bbf5ae04e778,registry_only_effect_contract_plus_validator,no_counterexample_in_48_trials
registry_only,foreign_rng:0:python_gamma->numpy_offset,foreign_rng,0,adjacent_swap,python_gamma,numpy_offset,h3/float/float,1.0,False,False,False,False,True,python_gamma:stateful_or_unknown,fe684615f3a10e3126ab3a30a604a75f7fd05b3c6b1e204a973841099855c7dc,registry_only_effect_contract_plus_validator,trial=1000:value_or_signature_mismatch
registry_only,foreign_rng:1:numpy_offset->hflip,foreign_rng,1,adjacent_swap,numpy_offset,hflip,h3/float/float,1.0,False,False,False,True,False,numpy_offset:stateful_or_unknown,959445e7293c5150d962e2969af6d2269a07be978f0002113ee12dec21305ece,registry_only_effect_contract_plus_validator,no_counterexample_in_48_trials
registry_only,foreign_rng:2:hflip->fixed_blur,foreign_rng,2,adjacent_swap,hflip,fixed_blur,h3/float/float,1.0,False,False,False,True,False,fixed_blur:stateful_or_unknown,013ba147efbd601ef34407bc5098f242dd96931ecb4f4be3dca0286ccfef5d06,registry_only_effect_contract_plus_validator,no_counterexample_in_48_trials
registry_only,hidden_state:0:stateful_offset->resize,hidden_state,0,adjacent_swap,stateful_offset,resize,h3/float/float,1.0,False,False,False,False,True,stateful_offset:stateful_or_unknown,a9ef241f0403b84407f433738e4e3911657e73a229049d7436ffc25d7af489c6,registry_only_effect_contract_plus_validator,manual_unsafe_hidden_or_external_state
registry_only,hidden_state:1:resize->hflip,hidden_state,1,adjacent_swap,resize,hflip,h3/float/float,1.0,True,True,True,True,True,none,fe1b6b45af2d92db567f422f52365b126f972c551dd48bc103b1eada22c65a6f,registry_only_effect_contract_plus_validator,no_counterexample_in_48_trials
registry_only,hidden_state:2:hflip->normalize,hidden_state,2,adjacent_swap,hflip,normalize,h3/float/float,1.0,True,True,False,True,True,none,2c8cd65ed359e495a12939ea8b043f5b25f1925943267580cd0908a05a645c63,registry_only_effect_contract_plus_validator,no_counterexample_in_48_trials
registry_only,external_state:0:external_env->center_crop,external_state,0,adjacent_swap,external_env,center_crop,h3/float/float,1.0,False,False,False,False,True,external_env:stateful_or_unknown,123be799923781dce5275eed63c582657d299a991c5d7e190809911ace419374,registry_only_effect_contract_plus_validator,manual_unsafe_hidden_or_external_state
registry_only,external_state:1:center_crop->color_jitter,external_state,1,adjacent_swap,center_crop,color_jitter,h3/float/float,1.0,False,False,False,False,True,center_crop:stateful_or_unknown,1a139d9fbbda1da67ee177a6f21889005bd631475543fba4a08ccfba1d046ef3,registry_only_effect_contract_plus_validator,trial=1000:value_or_signature_mismatch
registry_only,external_state:2:color_jitter->random_erasing,external_state,2,adjacent_swap,color_jitter,random_erasing,h3/float/float,1.0,False,False,False,False,True,random_erasing:stateful_or_unknown,7ab6b30943ae123c2e01ca35375f290b171315b31f889d510808db5c61d767f1,registry_only_effect_contract_plus_validator,trial=1001:value_or_signature_mismatch
static_only,classification_a:0:resize->fixed_blur,classification_a,0,adjacent_swap,resize,fixed_blur,h3/float/float,1.0,False,False,False,False,True,trial=0:value_or_signature_mismatch,d999b2a7081e39e79eed79c7e568c41af2ed063078b31b2b1122e13040c8c84f,static_only_effect_contract_plus_validator,trial=1000:value_or_signature_mismatch
static_only,classification_a:1:fixed_blur->hflip,classification_a,1,adjacent_swap,fixed_blur,hflip,h3/float/float,1.0,True,True,True,True,True,none,2e1cae493c95a66207ef5b0da6bb6b297aaac1cf15e1b80a4b1c798982d454cb,static_only_effect_contract_plus_validator,no_counterexample_in_48_trials
static_only,classification_a:2:hflip->color_jitter,classification_a,2,adjacent_swap,hflip,color_jitter,h3/float/float,1.0,True,True,False,True,True,none,ea8e75889ab08f8f8de9117bcf3fbd69f9cafddae34da20dc397c4d9dbdc9d47,static_only_effect_contract_plus_validator,no_counterexample_in_48_trials
static_only,classification_a:3:color_jitter->normalize,classification_a,3,adjacent_swap,color_jitter,normalize,h3/float/float,1.0,False,False,False,False,True,trial=0:value_or_signature_mismatch,6367f6c0ebce30f7b5b668adaafb951094ca8fd7c9879f1d06fb7325b10a96b6,static_only_effect_contract_plus_validator,trial=1000:value_or_signature_mismatch
static_only,classification_b:0:pad->random_crop,classification_b,0,adjacent_swap,pad,random_crop,h3/float/float,1.0,False,False,False,False,True,trial=0:value_or_signature_mismatch,85f25a7351fdba7f544f4f2e45f18b46103d48ce0427a3ee7abffbfc212256ad,static_only_effect_contract_plus_validator,trial=1000:value_or_signature_mismatch
static_only,classification_b:1:random_crop->random_resized_crop,classification_b,1,adjacent_swap,random_crop,random_resized_crop,h3/float/float,1.0,False,False,False,False,True,trial=0:value_or_signature_mismatch,5011cfdb6bb9b39b684a65fae3b7839b85dbba081f3671fb88dfb7066c2b90d5,static_only_effect_contract_plus_validator,trial=1000:value_or_signature_mismatch
static_only,classification_b:2:random_resized_crop->vflip,classification_b,2,adjacent_swap,random_resized_crop,vflip,h3/float/float,1.0,False,False,False,False,True,trial=2:value_or_signature_mismatch,eeb8d20b7c57aac3a01144d1eaae6ac09e59d44b8c5e6ae7feedfc63607a958b,static_only_effect_contract_plus_validator,trial=1003:value_or_signature_mismatch
static_only,classification_b:3:vflip->random_solarize,classification_b,3,adjacent_swap,vflip,random_solarize,h3/float/float,1.0,True,True,True,True,True,none,44a36cb2219d0ea7f27ebf076fbfebad4aa79893b221ce1615f206ae02148b64,static_only_effect_contract_plus_validator,no_counterexample_in_48_trials
static_only,classification_b:4:random_solarize->normalize,classification_b,4,adjacent_swap,random_solarize,normalize,h3/float/float,1.0,False,False,False,False,True,trial=0:value_or_signature_mismatch,edb763dec6e403e28630407c7b060fe12142821367747735929b2de5f0f366f5,static_only_effect_contract_plus_validator,trial=1002:value_or_signature_mismatch
static_only,geometry:0:center_crop->resize,geometry,0,adjacent_swap,center_crop,resize,h3/float/float,1.0,False,False,False,False,True,trial=0:value_or_signature_mismatch,6d644b26a67027011bb01854429aa73f00f9c845049316750beeed3331ffc494,static_only_effect_contract_plus_validator,trial=1000:value_or_signature_mismatch
static_only,geometry:1:resize->random_rotation,geometry,1,adjacent_swap,resize,random_rotation,h3/float/float,1.0,False,False,False,False,True,trial=0:value_or_signature_mismatch,369c5431ae04a02a94bcc2eab493274c8ec4f84dd41b2c3a2bae05c41c774f5a,static_only_effect_contract_plus_validator,trial=1000:value_or_signature_mismatch
static_only,geometry:2:random_rotation->random_sharpness,geometry,2,adjacent_swap,random_rotation,random_sharpness,h3/float/float,1.0,False,False,False,False,True,trial=0:value_or_signature_mismatch,c5049d68467b0e59c549476957cc9eced77865a491c97488f572498366efb6dc,static_only_effect_contract_plus_validator,trial=1002:value_or_signature_mismatch
static_only,geometry:3:random_sharpness->variable_blur,geometry,3,adjacent_swap,random_sharpness,variable_blur,h3/float/float,1.0,False,False,False,False,True,trial=0:value_or_signature_mismatch,8528dac571ed6b58872a6a04982e8d618d3dc6b04f129a887b8ff2d73fbb8870,static_only_effect_contract_plus_validator,trial=1002:value_or_signature_mismatch
static_only,geometry:4:variable_blur->normalize,geometry,4,adjacent_swap,variable_blur,normalize,h3/float/float,1.0,True,True,True,True,True,none,c277f0de5c837d2eac4b08712883e4a6695b425d3f21adcccb91d7473874e0dd,static_only_effect_contract_plus_validator,no_counterexample_in_48_trials
static_only,equivariant:0:identity->hflip,equivariant,0,adjacent_swap,identity,hflip,h3/float/float,1.0,True,True,True,True,True,none,6961033508cc2af93b6eafb2319d5ff00b103a521ee48aaec1f3f9dc618cae7d,static_only_effect_contract_plus_validator,no_counterexample_in_48_trials
static_only,equivariant:1:hflip->vflip,equivariant,1,adjacent_swap,hflip,vflip,h3/float/float,1.0,True,True,False,True,True,none,58a275512604e865569d3618692ccc16bda9d40ea7ab4f43d866cb3622d46b49,static_only_effect_contract_plus_validator,no_counterexample_in_48_trials
static_only,equivariant:2:vflip->random_grayscale,equivariant,2,adjacent_swap,vflip,random_grayscale,h3/float/float,1.0,True,True,True,True,True,none,c4af221f0e78349e31edb2562175ab9ade2c77aa4b2661ddaa36235642f85cf7,static_only_effect_contract_plus_validator,no_counterexample_in_48_trials
static_only,equivariant:3:random_grayscale->random_invert,equivariant,3,adjacent_swap,random_grayscale,random_invert,h3/float/float,1.0,False,False,False,False,True,trial=0:value_or_signature_mismatch,ab0fa26ec8846531690c6c741c7aabd213465b4a466c8ab3b579cf8f8955a1aa,static_only_effect_contract_plus_validator,trial=1001:value_or_signature_mismatch
static_only,equivariant:4:random_invert->rgb,equivariant,4,adjacent_swap,random_invert,rgb,h3/float/float,1.0,True,True,True,True,True,none,7f2d83df299d27c41b673fd7309b5644384609200882ecca079f65cdb314749d,static_only_effect_contract_plus_validator,no_counterexample_in_48_trials
static_only,warps:0:random_affine->random_perspective,warps,0,adjacent_swap,random_affine,random_perspective,h3/float/float,1.0,False,False,False,False,True,trial=0:value_or_signature_mismatch,5609611abb74eeda0778822b7ae0de5c082ca3809b031ef71b136223ce5b98d8,static_only_effect_contract_plus_validator,trial=1000:value_or_signature_mismatch
static_only,warps:1:random_perspective->resize,warps,1,adjacent_swap,random_perspective,resize,h3/float/float,1.0,False,False,False,False,True,trial=0:value_or_signature_mismatch,ebc32e41189c4eaa9dd73ccf85210d2fc72e0dae2c152de582c4af07ec1bb55c,static_only_effect_contract_plus_validator,trial=1000:value_or_signature_mismatch
static_only,warps:2:resize->color_jitter,warps,2,adjacent_swap,resize,color_jitter,h3/float/float,1.0,False,False,False,False,True,trial=0:value_or_signature_mismatch,6d9dd02922eac1fce964bd4f91183fd8a676150201102f18db26bf5be5e8ed95,static_only_effect_contract_plus_validator,trial=1000:value_or_signature_mismatch
static_only,warps:3:color_jitter->normalize,warps,3,adjacent_swap,color_jitter,normalize,h3/float/float,1.0,False,False,False,False,True,trial=0:value_or_signature_mismatch,d6a89aaa4299966d9f6004cfa04cdceb4e8fefbbeae7b3145b19dd531cae88f4,static_only_effect_contract_plus_validator,trial=1000:value_or_signature_mismatch
static_only,dtype_boundary:0:to_float->normalize,dtype_boundary,0,adjacent_swap,to_float,normalize,h3/uint8/uint8,1.0,False,False,False,False,True,trial=0:exception:TypeError,cc48b7ed978054b4c9d95805fcab1a0cd032dde442bc3876c3694e72617f89cc,static_only_effect_contract_plus_validator,trial=1000:exception:TypeError
static_only,dtype_boundary:1:normalize->hflip,dtype_boundary,1,adjacent_swap,normalize,hflip,h3/uint8/float,1.0,True,True,True,True,True,none,d214bcacf828c251084ebe978825c2d5b3a8c8896e00c12676f07755ffa78ddc,static_only_effect_contract_plus_validator,no_counterexample_in_48_trials
static_only,dtype_boundary:2:hflip->color_jitter,dtype_boundary,2,adjacent_swap,hflip,color_jitter,h3/uint8/float,1.0,True,True,False,True,True,none,e04bd1b2878e4e3248e07404666fb510d233bf73a5564647d0fab2256725697d,static_only_effect_contract_plus_validator,no_counterexample_in_48_trials
static_only,uint8_photo:0:random_posterize->random_equalize,uint8_photo,0,adjacent_swap,random_posterize,random_equalize,h3/uint8/uint8,1.0,False,False,False,False,True,trial=0:value_or_signature_mismatch,a7fb5bd1c68a4f439ab6bbfbacb8e5becd3a165e5040aa421f335e3f1d3b0c2c,static_only_effect_contract_plus_validator,trial=1000:value_or_signature_mismatch
static_only,uint8_photo:1:random_equalize->random_autocontrast,uint8_photo,1,adjacent_swap,random_equalize,random_autocontrast,h3/uint8/uint8,1.0,True,True,True,True,True,none,8bd14bc25c5bb259bb9a5fe3700037b44f646c5885d683469fc0213ef3284626,static_only_effect_contract_plus_validator,no_counterexample_in_48_trials
static_only,foreign_rng:0:python_gamma->numpy_offset,foreign_rng,0,adjacent_swap,python_gamma,numpy_offset,h3/float/float,1.0,False,False,False,False,True,trial=0:value_or_signature_mismatch,9cea47a2c49ab34383c697afe80133dcd3e5ae66821c8d82ec98cfd6f12b3182,static_only_effect_contract_plus_validator,trial=1000:value_or_signature_mismatch
static_only,foreign_rng:1:numpy_offset->hflip,foreign_rng,1,adjacent_swap,numpy_offset,hflip,h3/float/float,1.0,True,True,True,True,True,none,74d61ae075815d0dbba56fddecb08c247e7ff7ca96bf18688fab464bfde01e0d,static_only_effect_contract_plus_validator,no_counterexample_in_48_trials
static_only,foreign_rng:2:hflip->fixed_blur,foreign_rng,2,adjacent_swap,hflip,fixed_blur,h3/float/float,1.0,True,True,False,True,True,none,d5f31bb03294654ee6a1b361f34e1378f056bb0f61f83d2bf730085751b2dbba,static_only_effect_contract_plus_validator,no_counterexample_in_48_trials
static_only,hidden_state:0:stateful_offset->resize,hidden_state,0,adjacent_swap,stateful_offset,resize,h3/float/float,1.0,False,False,False,False,True,stateful_offset:stateful_or_unknown,71e18cc9f20fde40930593aa28a674233baf5cad7ee2e668720d3e80a08ebd6a,static_only_effect_contract_plus_validator,manual_unsafe_hidden_or_external_state
static_only,hidden_state:1:resize->hflip,hidden_state,1,adjacent_swap,resize,hflip,h3/float/float,1.0,True,True,True,True,True,none,8ac533555f3698e55577d88b50571ebd9cc52af546b084238407884520e525de,static_only_effect_contract_plus_validator,no_counterexample_in_48_trials
static_only,hidden_state:2:hflip->normalize,hidden_state,2,adjacent_swap,hflip,normalize,h3/float/float,1.0,True,True,False,True,True,none,e0dca97376d1c5fae6773693c7b4f9990e9f17a827d788405473365f8e153a10,static_only_effect_contract_plus_validator,no_counterexample_in_48_trials
static_only,external_state:0:external_env->center_crop,external_state,0,adjacent_swap,external_env,center_crop,h3/float/float,1.0,False,False,False,False,True,external_env:stateful_or_unknown,e299721f5c81967f51f0d43fb0bb6c2d728b6343677250dac10666ba931be0f5,static_only_effect_contract_plus_validator,manual_unsafe_hidden_or_external_state
static_only,external_state:1:center_crop->color_jitter,external_state,1,adjacent_swap,center_crop,color_jitter,h3/float/float,1.0,False,False,False,False,True,trial=0:value_or_signature_mismatch,e00643d27a834d46b46ee8889447149791eb652051dfc90b560cd3016b2aff1d,static_only_effect_contract_plus_validator,trial=1000:value_or_signature_mismatch
static_only,external_state:2:color_jitter->random_erasing,external_state,2,adjacent_swap,color_jitter,random_erasing,h3/float/float,1.0,False,False,False,False,True,trial=2:value_or_signature_mismatch,10271e3ac3e329440b9cbeb89d5a0acf49905eb2af64c2c40b07658df7fe8892,static_only_effect_contract_plus_validator,trial=1001:value_or_signature_mismatch
dynamic_only,classification_a:0:resize->fixed_blur,classification_a,0,adjacent_swap,resize,fixed_blur,h3/float/float,1.0,False,False,False,False,True,trial=0:value_or_signature_mismatch,bd890309a4af67051b01ec3ca53e63f76a6774f026b840b1b790c02ffc7e80b2,dynamic_only_effect_contract_plus_validator,trial=1000:value_or_signature_mismatch
dynamic_only,classification_a:1:fixed_blur->hflip,classification_a,1,adjacent_swap,fixed_blur,hflip,h3/float/float,1.0,True,True,True,True,True,none,dc0df31ab354e1a5eb42b27ea419ea456f536c97302f52a6e394f2d9acdffde8,dynamic_only_effect_contract_plus_validator,no_counterexample_in_48_trials
dynamic_only,classification_a:2:hflip->color_jitter,classification_a,2,adjacent_swap,hflip,color_jitter,h3/float/float,1.0,True,True,False,True,True,none,0b0acc22b456a019db995b4d279ba62e10f99a32df3453ef41c57cc19f14a816,dynamic_only_effect_contract_plus_validator,no_counterexample_in_48_trials
dynamic_only,classification_a:3:color_jitter->normalize,classification_a,3,adjacent_swap,color_jitter,normalize,h3/float/float,1.0,False,False,False,False,True,trial=0:value_or_signature_mismatch,24e2c28a33dc9618846abfdad053933b71580555bd0335984cb54ed01518bb05,dynamic_only_effect_contract_plus_validator,trial=1000:value_or_signature_mismatch
dynamic_only,classification_b:0:pad->random_crop,classification_b,0,adjacent_swap,pad,random_crop,h3/float/float,1.0,False,False,False,False,True,trial=0:value_or_signature_mismatch,b647e12628fba168f0f52b63b6f932358c1f57433b2c90a8df278234405d87cc,dynamic_only_effect_contract_plus_validator,trial=1000:value_or_signature_mismatch
dynamic_only,classification_b:1:random_crop->random_resized_crop,classification_b,1,adjacent_swap,random_crop,random_resized_crop,h3/float/float,1.0,False,False,False,False,True,trial=0:value_or_signature_mismatch,cc8e6fee4cca9b026807c5242cb79ed71458e7a8d19ed7e16e35a636035efc2b,dynamic_only_effect_contract_plus_validator,trial=1000:value_or_signature_mismatch
dynamic_only,classification_b:2:random_resized_crop->vflip,classification_b,2,adjacent_swap,random_resized_crop,vflip,h3/float/float,1.0,False,False,False,False,True,trial=2:value_or_signature_mismatch,ca74753852c699390da201b8adf6aa23f711d40ca073361ca33b690da0b96133,dynamic_only_effect_contract_plus_validator,trial=1003:value_or_signature_mismatch
dynamic_only,classification_b:3:vflip->random_solarize,classification_b,3,adjacent_swap,vflip,random_solarize,h3/float/float,1.0,True,True,True,True,True,none,42574839d7854497db56e3d680f17ada1845b7e22473fcf80326bb8c81492120,dynamic_only_effect_contract_plus_validator,no_counterexample_in_48_trials
dynamic_only,classification_b:4:random_solarize->normalize,classification_b,4,adjacent_swap,random_solarize,normalize,h3/float/float,1.0,False,False,False,False,True,trial=0:value_or_signature_mismatch,c1e679fbdab7f6d9072ab060ae9264c7e7aa1257ffd784b2e4bac41becbbf2eb,dynamic_only_effect_contract_plus_validator,trial=1002:value_or_signature_mismatch
dynamic_only,geometry:0:center_crop->resize,geometry,0,adjacent_swap,center_crop,resize,h3/float/float,1.0,False,False,False,False,True,trial=0:value_or_signature_mismatch,cbff98ca0729b9d67a3a53bca0c0d1b55163c12c896a589f5730a83190b45180,dynamic_only_effect_contract_plus_validator,trial=1000:value_or_signature_mismatch
dynamic_only,geometry:1:resize->random_rotation,geometry,1,adjacent_swap,resize,random_rotation,h3/float/float,1.0,False,False,False,False,True,trial=0:value_or_signature_mismatch,fa8776010fef09eae15765b91125d71d29d6915c34bb32d6d2b4b712851a25c6,dynamic_only_effect_contract_plus_validator,trial=1000:value_or_signature_mismatch
dynamic_only,geometry:2:random_rotation->random_sharpness,geometry,2,adjacent_swap,random_rotation,random_sharpness,h3/float/float,1.0,False,False,False,False,True,trial=0:value_or_signature_mismatch,7da778652f65786418290af7d235f1f8786769a0b0212872d70186856d7ce984,dynamic_only_effect_contract_plus_validator,trial=1002:value_or_signature_mismatch
dynamic_only,geometry:3:random_sharpness->variable_blur,geometry,3,adjacent_swap,random_sharpness,variable_blur,h3/float/float,1.0,False,False,False,False,True,trial=0:value_or_signature_mismatch,16b326fba2294d8264b6034ce974504279bb1403737e4833bf46bdfd83db5da0,dynamic_only_effect_contract_plus_validator,trial=1002:value_or_signature_mismatch
dynamic_only,geometry:4:variable_blur->normalize,geometry,4,adjacent_swap,variable_blur,normalize,h3/float/float,1.0,True,True,True,True,True,none,b6cafc3a48fa8ddf537c127a36ca431f1753b127a10e4c76f1763bbaf13fb7d5,dynamic_only_effect_contract_plus_validator,no_counterexample_in_48_trials
dynamic_only,equivariant:0:identity->hflip,equivariant,0,adjacent_swap,identity,hflip,h3/float/float,1.0,True,True,True,True,True,none,f6c50f3f3f91329419ae200c19bbe7fe6bac4c92781d9da7e4e9e80a88383f42,dynamic_only_effect_contract_plus_validator,no_counterexample_in_48_trials
dynamic_only,equivariant:1:hflip->vflip,equivariant,1,adjacent_swap,hflip,vflip,h3/float/float,1.0,True,True,False,True,True,none,5edbc1bec908fd78fb941bdf48a0ef843b9fe39a52673a5062e3d6e60e90034a,dynamic_only_effect_contract_plus_validator,no_counterexample_in_48_trials
dynamic_only,equivariant:2:vflip->random_grayscale,equivariant,2,adjacent_swap,vflip,random_grayscale,h3/float/float,1.0,True,True,True,True,True,none,3a827b6c4563b2e52827874bc84171c8aa46ffcf6fc5ac81968e458a78da1a1d,dynamic_only_effect_contract_plus_validator,no_counterexample_in_48_trials
dynamic_only,equivariant:3:random_grayscale->random_invert,equivariant,3,adjacent_swap,random_grayscale,random_invert,h3/float/float,1.0,False,False,False,False,True,trial=0:value_or_signature_mismatch,a1ea05ea7fcc3b796a33e3949f1562076fcfb2289b50b127674f7093ce442463,dynamic_only_effect_contract_plus_validator,trial=1001:value_or_signature_mismatch
dynamic_only,equivariant:4:random_invert->rgb,equivariant,4,adjacent_swap,random_invert,rgb,h3/float/float,1.0,True,True,True,True,True,none,86ae771e5af415598020b16eda66a3b0cc7e53c91578c9eb020c8a85c34851d0,dynamic_only_effect_contract_plus_validator,no_counterexample_in_48_trials
dynamic_only,warps:0:random_affine->random_perspective,warps,0,adjacent_swap,random_affine,random_perspective,h3/float/float,1.0,False,False,False,False,True,trial=0:value_or_signature_mismatch,a3e97cae61bdc9b9968db71340defe22ca3b938e04f222350464e1b7a49a8105,dynamic_only_effect_contract_plus_validator,trial=1000:value_or_signature_mismatch
dynamic_only,warps:1:random_perspective->resize,warps,1,adjacent_swap,random_perspective,resize,h3/float/float,1.0,False,False,False,False,True,trial=0:value_or_signature_mismatch,ee635d2680c44055d86d83a5d7de66a4b2b26793ac3a0bd117c83d19ef606a9a,dynamic_only_effect_contract_plus_validator,trial=1000:value_or_signature_mismatch
dynamic_only,warps:2:resize->color_jitter,warps,2,adjacent_swap,resize,color_jitter,h3/float/float,1.0,False,False,False,False,True,trial=0:value_or_signature_mismatch,1897ed53eca4e28fb2aa0a8c415fa1ed5825c607d9fe38e0a1ade96aff259236,dynamic_only_effect_contract_plus_validator,trial=1000:value_or_signature_mismatch
dynamic_only,warps:3:color_jitter->normalize,warps,3,adjacent_swap,color_jitter,normalize,h3/float/float,1.0,False,False,False,False,True,trial=0:value_or_signature_mismatch,55f6029944dfa2a3ef4cef13e63fd0d93dea8abe06737e3acc5e342195ec6045,dynamic_only_effect_contract_plus_validator,trial=1000:value_or_signature_mismatch
dynamic_only,dtype_boundary:0:to_float->normalize,dtype_boundary,0,adjacent_swap,to_float,normalize,h3/uint8/uint8,1.0,False,False,False,False,True,trial=0:exception:TypeError,6935b4af6fffe6662a90f0ae3658cfdbb725944cbf138ab617b32cd89accf579,dynamic_only_effect_contract_plus_validator,trial=1000:exception:TypeError
dynamic_only,dtype_boundary:1:normalize->hflip,dtype_boundary,1,adjacent_swap,normalize,hflip,h3/uint8/float,1.0,True,True,True,True,True,none,2db0f2451e2da0e5ae8a9d512259fa4a6939095c4d575e03fcb7c0621b42e004,dynamic_only_effect_contract_plus_validator,no_counterexample_in_48_trials
dynamic_only,dtype_boundary:2:hflip->color_jitter,dtype_boundary,2,adjacent_swap,hflip,color_jitter,h3/uint8/float,1.0,True,True,False,True,True,none,afd9f89e55825399441a41f27b5ec0709a0f566375b08a993f16996b2d4b2851,dynamic_only_effect_contract_plus_validator,no_counterexample_in_48_trials
dynamic_only,uint8_photo:0:random_posterize->random_equalize,uint8_photo,0,adjacent_swap,random_posterize,random_equalize,h3/uint8/uint8,1.0,False,False,False,False,True,trial=0:value_or_signature_mismatch,fdf25e64b38c9dd55ecbd857985f77ad0bc3e4d9592f81a97066eec79acc4650,dynamic_only_effect_contract_plus_validator,trial=1000:value_or_signature_mismatch
dynamic_only,uint8_photo:1:random_equalize->random_autocontrast,uint8_photo,1,adjacent_swap,random_equalize,random_autocontrast,h3/uint8/uint8,1.0,True,True,True,True,True,none,a590cf00a0cb586def8aaeeb93c0ff2f88a717729dba2761d9edded57b0f4e4e,dynamic_only_effect_contract_plus_validator,no_counterexample_in_48_trials
dynamic_only,foreign_rng:0:python_gamma->numpy_offset,foreign_rng,0,adjacent_swap,python_gamma,numpy_offset,h3/float/float,1.0,False,False,False,False,True,trial=0:value_or_signature_mismatch,51000fa039096e3651e04e625654addb88b129337763c65acc29eb645888b347,dynamic_only_effect_contract_plus_validator,trial=1000:value_or_signature_mismatch
dynamic_only,foreign_rng:1:numpy_offset->hflip,foreign_rng,1,adjacent_swap,numpy_offset,hflip,h3/float/float,1.0,True,True,True,True,True,none,b0f8d948baabd87d69c518ef1ec83bef07d9e2dab2298f442eeb9e58b8264147,dynamic_only_effect_contract_plus_validator,no_counterexample_in_48_trials
dynamic_only,foreign_rng:2:hflip->fixed_blur,foreign_rng,2,adjacent_swap,hflip,fixed_blur,h3/float/float,1.0,True,True,False,True,True,none,176ecd2f955abab1a25ba9f1bf2bc9fa9f60251f378f60364e9c0d1f0458a221,dynamic_only_effect_contract_plus_validator,no_counterexample_in_48_trials
dynamic_only,hidden_state:0:stateful_offset->resize,hidden_state,0,adjacent_swap,stateful_offset,resize,h3/float/float,1.0,False,False,False,False,True,stateful_offset:stateful_or_unknown,b6bd9070bcf940edf9691ddb901050298b02565445afdc38b5e2e83f3961aea1,dynamic_only_effect_contract_plus_validator,manual_unsafe_hidden_or_external_state
dynamic_only,hidden_state:1:resize->hflip,hidden_state,1,adjacent_swap,resize,hflip,h3/float/float,1.0,True,True,True,True,True,none,a71ab9129da94d96778a57b18ea8c4d27bcfd0177f4636dd26d43af202729bc5,dynamic_only_effect_contract_plus_validator,no_counterexample_in_48_trials
dynamic_only,hidden_state:2:hflip->normalize,hidden_state,2,adjacent_swap,hflip,normalize,h3/float/float,1.0,True,True,False,True,True,none,69272b497bd0c217aa8e99175ba923b054f9c680945249487f0724f703458748,dynamic_only_effect_contract_plus_validator,no_counterexample_in_48_trials
dynamic_only,external_state:0:external_env->center_crop,external_state,0,adjacent_swap,external_env,center_crop,h3/float/float,1.0,True,True,True,False,False,none,e1781276cf49d2f5b3a1ce79b22692ac58147c2600005ffde47f9dd0d2fa7830,dynamic_only_effect_contract_plus_validator,manual_unsafe_hidden_or_external_state
dynamic_only,external_state:1:center_crop->color_jitter,external_state,1,adjacent_swap,center_crop,color_jitter,h3/float/float,1.0,False,False,False,False,True,trial=0:value_or_signature_mismatch,5781151df519a1c413ff82af8d11e641e23e61fc1b907e09708ee1fa69688629,dynamic_only_effect_contract_plus_validator,trial=1000:value_or_signature_mismatch
dynamic_only,external_state:2:color_jitter->random_erasing,external_state,2,adjacent_swap,color_jitter,random_erasing,h3/float/float,1.0,False,False,False,False,True,trial=2:value_or_signature_mismatch,6ecc34106e3b0efc62d054547761df4e8288ee2529e666eee96d257472703d7a,dynamic_only_effect_contract_plus_validator,trial=1001:value_or_signature_mismatch
hybrid,classification_a:0:resize->fixed_blur,classification_a,0,adjacent_swap,resize,fixed_blur,h3/float/float,1.0,False,False,False,False,True,trial=0:value_or_signature_mismatch,202b56eac047f6cd61e084ca63b03f903f040f95729ef1f2c5d17ae188694db5,hybrid_effect_contract_plus_validator,trial=1000:value_or_signature_mismatch
hybrid,classification_a:1:fixed_blur->hflip,classification_a,1,adjacent_swap,fixed_blur,hflip,h3/float/float,1.0,True,True,True,True,True,none,e37a10a1782de33d41a1fe22658ec34b9ea67fa419396fe2aaa7a23ebf08006b,hybrid_effect_contract_plus_validator,no_counterexample_in_48_trials
hybrid,classification_a:2:hflip->color_jitter,classification_a,2,adjacent_swap,hflip,color_jitter,h3/float/float,1.0,True,True,False,True,True,none,6427db4649ec3b0634027ce28b1875a8d0cb571be0495c0eee50f91680035a4d,hybrid_effect_contract_plus_validator,no_counterexample_in_48_trials
hybrid,classification_a:3:color_jitter->normalize,classification_a,3,adjacent_swap,color_jitter,normalize,h3/float/float,1.0,False,False,False,False,True,trial=0:value_or_signature_mismatch,d3193a0e7305ec3a4033755dbdec75b55bd0167770fcee3082d70a32ca355d41,hybrid_effect_contract_plus_validator,trial=1000:value_or_signature_mismatch
hybrid,classification_b:0:pad->random_crop,classification_b,0,adjacent_swap,pad,random_crop,h3/float/float,1.0,False,False,False,False,True,trial=0:value_or_signature_mismatch,c965f10d2875f9f5777165ca4e515bcf8cac6741cfec7061bf3d32538bc7712e,hybrid_effect_contract_plus_validator,trial=1000:value_or_signature_mismatch
hybrid,classification_b:1:random_crop->random_resized_crop,classification_b,1,adjacent_swap,random_crop,random_resized_crop,h3/float/float,1.0,False,False,False,False,True,trial=0:value_or_signature_mismatch,c1e972e9d0196bb01661041113603e2e8ee0cb2541faf60f9f95540615965119,hybrid_effect_contract_plus_validator,trial=1000:value_or_signature_mismatch
hybrid,classification_b:2:random_resized_crop->vflip,classification_b,2,adjacent_swap,random_resized_crop,vflip,h3/float/float,1.0,False,False,False,False,True,trial=2:value_or_signature_mismatch,4713124ae418bf82f0102d422e46fa37f34bfb02b22ebd9b601a4c38c25aea20,hybrid_effect_contract_plus_validator,trial=1003:value_or_signature_mismatch
hybrid,classification_b:3:vflip->random_solarize,classification_b,3,adjacent_swap,vflip,random_solarize,h3/float/float,1.0,True,True,True,True,True,none,74bfabad221aa9163d61d0ec798e69ea3f9c4543779787b51d78ac89b96b53d1,hybrid_effect_contract_plus_validator,no_counterexample_in_48_trials
hybrid,classification_b:4:random_solarize->normalize,classification_b,4,adjacent_swap,random_solarize,normalize,h3/float/float,1.0,False,False,False,False,True,trial=0:value_or_signature_mismatch,dae7b763795e1df1734d3a74cce649abf8f6598c546ffee86096c3b4875e59ac,hybrid_effect_contract_plus_validator,trial=1002:value_or_signature_mismatch
hybrid,geometry:0:center_crop->resize,geometry,0,adjacent_swap,center_crop,resize,h3/float/float,1.0,False,False,False,False,True,trial=0:value_or_signature_mismatch,336ac8fc032af8d2d0218edeab4435bf761caae8d4352be7514903001501b724,hybrid_effect_contract_plus_validator,trial=1000:value_or_signature_mismatch
hybrid,geometry:1:resize->random_rotation,geometry,1,adjacent_swap,resize,random_rotation,h3/float/float,1.0,False,False,False,False,True,trial=0:value_or_signature_mismatch,06d987ed5be2c28d199e21d293db9c16a3fe9763c898dd6d0fe2987df9a8c39e,hybrid_effect_contract_plus_validator,trial=1000:value_or_signature_mismatch
hybrid,geometry:2:random_rotation->random_sharpness,geometry,2,adjacent_swap,random_rotation,random_sharpness,h3/float/float,1.0,False,False,False,False,True,trial=0:value_or_signature_mismatch,baf95166e2e7961b9176bb1a3cc141d3393bd1a41b944349e848cf4acd5dfc97,hybrid_effect_contract_plus_validator,trial=1002:value_or_signature_mismatch
hybrid,geometry:3:random_sharpness->variable_blur,geometry,3,adjacent_swap,random_sharpness,variable_blur,h3/float/float,1.0,False,False,False,False,True,trial=0:value_or_signature_mismatch,b40f064ee2645732a820f5005d4c25dcca9af4326b9da673de9c87e260a9996e,hybrid_effect_contract_plus_validator,trial=1002:value_or_signature_mismatch
hybrid,geometry:4:variable_blur->normalize,geometry,4,adjacent_swap,variable_blur,normalize,h3/float/float,1.0,True,True,True,True,True,none,e00560653fc322b4f347f670025b2b917ffcaf012779abbae5b963531fb43d8a,hybrid_effect_contract_plus_validator,no_counterexample_in_48_trials
hybrid,equivariant:0:identity->hflip,equivariant,0,adjacent_swap,identity,hflip,h3/float/float,1.0,True,True,True,True,True,none,456c38ac21319d5692ba168ee1b71614d5996a9f8edd5d21ab046582b9c594a0,hybrid_effect_contract_plus_validator,no_counterexample_in_48_trials
hybrid,equivariant:1:hflip->vflip,equivariant,1,adjacent_swap,hflip,vflip,h3/float/float,1.0,True,True,False,True,True,none,cab51dd6125a44dc14bf5a41613f04b559d997ba7c720f6eea43fbd47a8d74d1,hybrid_effect_contract_plus_validator,no_counterexample_in_48_trials
hybrid,equivariant:2:vflip->random_grayscale,equivariant,2,adjacent_swap,vflip,random_grayscale,h3/float/float,1.0,True,True,True,True,True,none,2e2daf0bdd791732c98754120e542b61dad3ba10c7ff1b1a0eda5c9213761206,hybrid_effect_contract_plus_validator,no_counterexample_in_48_trials
hybrid,equivariant:3:random_grayscale->random_invert,equivariant,3,adjacent_swap,random_grayscale,random_invert,h3/float/float,1.0,False,False,False,False,True,trial=0:value_or_signature_mismatch,9b7b380af2bfa787c16b68a9334c2f5836415908c9b1fa68fa5db40b30157ea2,hybrid_effect_contract_plus_validator,trial=1001:value_or_signature_mismatch
hybrid,equivariant:4:random_invert->rgb,equivariant,4,adjacent_swap,random_invert,rgb,h3/float/float,1.0,True,True,True,True,True,none,0a16d798fd2152ba3f7b3d248d638d0f1c5671273cf43222fe49e01bcdc06d23,hybrid_effect_contract_plus_validator,no_counterexample_in_48_trials
hybrid,warps:0:random_affine->random_perspective,warps,0,adjacent_swap,random_affine,random_perspective,h3/float/float,1.0,False,False,False,False,True,trial=0:value_or_signature_mismatch,54a9a0e9281d4b47bac724bd0ef1f843d9ed23e0f0c6b41cd3ce86cc57b0cd10,hybrid_effect_contract_plus_validator,trial=1000:value_or_signature_mismatch
hybrid,warps:1:random_perspective->resize,warps,1,adjacent_swap,random_perspective,resize,h3/float/float,1.0,False,False,False,False,True,trial=0:value_or_signature_mismatch,0ca9282ca66c589d06ba55233a924823fb867c985809aed6c608d45516eba2c2,hybrid_effect_contract_plus_validator,trial=1000:value_or_signature_mismatch
hybrid,warps:2:resize->color_jitter,warps,2,adjacent_swap,resize,color_jitter,h3/float/float,1.0,False,False,False,False,True,trial=0:value_or_signature_mismatch,bd5e75f9dc4575a75f45b61dfe026671b5d92e8719f9dc2387145041d42b70e9,hybrid_effect_contract_plus_validator,trial=1000:value_or_signature_mismatch
hybrid,warps:3:color_jitter->normalize,warps,3,adjacent_swap,color_jitter,normalize,h3/float/float,1.0,False,False,False,False,True,trial=0:value_or_signature_mismatch,97358469f6860761f2906d7200d22c41a6e16a9279a3aa8ec867d9035c11e356,hybrid_effect_contract_plus_validator,trial=1000:value_or_signature_mismatch
hybrid,dtype_boundary:0:to_float->normalize,dtype_boundary,0,adjacent_swap,to_float,normalize,h3/uint8/uint8,1.0,False,False,False,False,True,trial=0:exception:TypeError,0e53cb0afe95d868c5403eaaa208b07d3be8c72fd0a570ef86cb73fe95932491,hybrid_effect_contract_plus_validator,trial=1000:exception:TypeError
hybrid,dtype_boundary:1:normalize->hflip,dtype_boundary,1,adjacent_swap,normalize,hflip,h3/uint8/float,1.0,True,True,True,True,True,none,53d7c0b9a7103ee4ae7812ec5176df84fcc02e23dbc7b6790f3f0930835ec35b,hybrid_effect_contract_plus_validator,no_counterexample_in_48_trials
hybrid,dtype_boundary:2:hflip->color_jitter,dtype_boundary,2,adjacent_swap,hflip,color_jitter,h3/uint8/float,1.0,True,True,False,True,True,none,3e6ae2eb0597e9bf24f15dd5812c1dfef6edd253876eb86a0c49d943f81dda96,hybrid_effect_contract_plus_validator,no_counterexample_in_48_trials
hybrid,uint8_photo:0:random_posterize->random_equalize,uint8_photo,0,adjacent_swap,random_posterize,random_equalize,h3/uint8/uint8,1.0,False,False,False,False,True,trial=0:value_or_signature_mismatch,8850c0c1f381ed5e7e7482f823c204ce5bd0fcfad48e5949b058d20757a833a4,hybrid_effect_contract_plus_validator,trial=1000:value_or_signature_mismatch
hybrid,uint8_photo:1:random_equalize->random_autocontrast,uint8_photo,1,adjacent_swap,random_equalize,random_autocontrast,h3/uint8/uint8,1.0,True,True,True,True,True,none,8c50a6fdf6ca09a6ad44529857fac08d784378ed3fea4c7ca0751ba128c1e2b7,hybrid_effect_contract_plus_validator,no_counterexample_in_48_trials
hybrid,foreign_rng:0:python_gamma->numpy_offset,foreign_rng,0,adjacent_swap,python_gamma,numpy_offset,h3/float/float,1.0,False,False,False,False,True,trial=0:value_or_signature_mismatch,db1500cb3bf5184e1ac81b28dcf979c716a2c21f533c83c2c049db4f93b2a5ef,hybrid_effect_contract_plus_validator,trial=1000:value_or_signature_mismatch
hybrid,foreign_rng:1:numpy_offset->hflip,foreign_rng,1,adjacent_swap,numpy_offset,hflip,h3/float/float,1.0,True,True,True,True,True,none,7d829c84dcc1a979e283fd6e931c02db82aa40fa359cdbb6a3226ba7c17bc313,hybrid_effect_contract_plus_validator,no_counterexample_in_48_trials
hybrid,foreign_rng:2:hflip->fixed_blur,foreign_rng,2,adjacent_swap,hflip,fixed_blur,h3/float/float,1.0,True,True,False,True,True,none,cdb366e940ea62374ea101742ff110b656109ef5ff7fa633413486c67c947b35,hybrid_effect_contract_plus_validator,no_counterexample_in_48_trials
hybrid,hidden_state:0:stateful_offset->resize,hidden_state,0,adjacent_swap,stateful_offset,resize,h3/float/float,1.0,False,False,False,False,True,stateful_offset:stateful_or_unknown,0f9d2f84cd91f4d25c0fbae910f2bab06225311b14484c6f9bb354f4d1ac08ce,hybrid_effect_contract_plus_validator,manual_unsafe_hidden_or_external_state
hybrid,hidden_state:1:resize->hflip,hidden_state,1,adjacent_swap,resize,hflip,h3/float/float,1.0,True,True,True,True,True,none,7cc5573b72043e612e8330d44d1e562b8863f85150266f5213131581e9add5bc,hybrid_effect_contract_plus_validator,no_counterexample_in_48_trials
hybrid,hidden_state:2:hflip->normalize,hidden_state,2,adjacent_swap,hflip,normalize,h3/float/float,1.0,True,True,False,True,True,none,3f2f0e47164852c1318ef56f9a71ed9abe0210c8009b31c47cd3bd47d398d130,hybrid_effect_contract_plus_validator,no_counterexample_in_48_trials
hybrid,external_state:0:external_env->center_crop,external_state,0,adjacent_swap,external_env,center_crop,h3/float/float,1.0,False,False,False,False,True,external_env:stateful_or_unknown,b38dab8a3f350d38e686c4e99a9d8f421a01b51d51511cc2923b23ccd357dc30,hybrid_effect_contract_plus_validator,manual_unsafe_hidden_or_external_state
hybrid,external_state:1:center_crop->color_jitter,external_state,1,adjacent_swap,center_crop,color_jitter,h3/float/float,1.0,False,False,False,False,True,trial=0:value_or_signature_mismatch,2a8bb7783845040f9d38ae624b445bf65d37d14e401431495c94251f223d055c,hybrid_effect_contract_plus_validator,trial=1000:value_or_signature_mismatch
hybrid,external_state:2:color_jitter->random_erasing,external_state,2,adjacent_swap,color_jitter,random_erasing,h3/float/float,1.0,False,False,False,False,True,trial=2:value_or_signature_mismatch,a3fdcc8f5a24ebb25bc493937bf3153330dfda9d1312b4df306c4fba83cae43f,hybrid_effect_contract_plus_validator,trial=1001:value_or_signature_mismatch
manual_full,classification_a:0:resize->fixed_blur,classification_a,0,adjacent_swap,resize,fixed_blur,h3/float/float,1.0,False,False,False,False,True,trial=0:value_or_signature_mismatch,6e589ec9e8c9d06796e2f1120c7c396844275cd0f3198e4a264e25dc0aa18f19,full_manual_effect_hints_plus_validator,trial=1000:value_or_signature_mismatch
manual_full,classification_a:1:fixed_blur->hflip,classification_a,1,adjacent_swap,fixed_blur,hflip,h3/float/float,1.0,True,True,True,True,True,none,ab4ada903be10f6691e72482a8484a75b326796805eb67ab053ac440d457bf06,full_manual_effect_hints_plus_validator,no_counterexample_in_48_trials
manual_full,classification_a:2:hflip->color_jitter,classification_a,2,adjacent_swap,hflip,color_jitter,h3/float/float,1.0,True,True,False,True,True,none,e6334b99d0b2d065e88eed74f609b214b4881c231684cf366b715724cc309fe6,full_manual_effect_hints_plus_validator,no_counterexample_in_48_trials
manual_full,classification_a:3:color_jitter->normalize,classification_a,3,adjacent_swap,color_jitter,normalize,h3/float/float,1.0,False,False,False,False,True,trial=0:value_or_signature_mismatch,d1797bc088758839b46409c8625259fe76561053a2277f4001241d4ddf6d74b8,full_manual_effect_hints_plus_validator,trial=1000:value_or_signature_mismatch
manual_full,classification_b:0:pad->random_crop,classification_b,0,adjacent_swap,pad,random_crop,h3/float/float,1.0,False,False,False,False,True,trial=0:value_or_signature_mismatch,9551b84270611dd575fc75ae1ed8e317c84faa94dcd71f56266e5f698a896b70,full_manual_effect_hints_plus_validator,trial=1000:value_or_signature_mismatch
manual_full,classification_b:1:random_crop->random_resized_crop,classification_b,1,adjacent_swap,random_crop,random_resized_crop,h3/float/float,1.0,False,False,False,False,True,trial=0:value_or_signature_mismatch,3984038aa81172f5f1d7ad45be651f910efd8360d6c8898bd8105de8099fded6,full_manual_effect_hints_plus_validator,trial=1000:value_or_signature_mismatch
manual_full,classification_b:2:random_resized_crop->vflip,classification_b,2,adjacent_swap,random_resized_crop,vflip,h3/float/float,1.0,False,False,False,False,True,trial=2:value_or_signature_mismatch,88fa911156ac27f2d6a4e124a645b6ad25e3571059b4ae39b0ad3dc32cb721db,full_manual_effect_hints_plus_validator,trial=1003:value_or_signature_mismatch
manual_full,classification_b:3:vflip->random_solarize,classification_b,3,adjacent_swap,vflip,random_solarize,h3/float/float,1.0,True,True,True,True,True,none,70f91fa36ffbd935d14d05d11b62f054c5d06ab105ad89f8985c951b96bfe1bd,full_manual_effect_hints_plus_validator,no_counterexample_in_48_trials
manual_full,classification_b:4:random_solarize->normalize,classification_b,4,adjacent_swap,random_solarize,normalize,h3/float/float,1.0,False,False,False,False,True,trial=0:value_or_signature_mismatch,f34027cf4a870a14ac9ced8506cba326d7a148c313a2577b014c0981c45ad82d,full_manual_effect_hints_plus_validator,trial=1002:value_or_signature_mismatch
manual_full,geometry:0:center_crop->resize,geometry,0,adjacent_swap,center_crop,resize,h3/float/float,1.0,False,False,False,False,True,trial=0:value_or_signature_mismatch,877cd1ea1299dfe35adfc0430c2497f33391ade87349bb9624d57ad8727c49ff,full_manual_effect_hints_plus_validator,trial=1000:value_or_signature_mismatch
manual_full,geometry:1:resize->random_rotation,geometry,1,adjacent_swap,resize,random_rotation,h3/float/float,1.0,False,False,False,False,True,trial=0:value_or_signature_mismatch,08fe46f626402d5ec6083f5ff6cc8e4fe015651ca4429d0af0635b9f73c1ecd1,full_manual_effect_hints_plus_validator,trial=1000:value_or_signature_mismatch
manual_full,geometry:2:random_rotation->random_sharpness,geometry,2,adjacent_swap,random_rotation,random_sharpness,h3/float/float,1.0,False,False,False,False,True,trial=0:value_or_signature_mismatch,f0b999bfa97b77783acbc5a188b6cda41777f1514537c36798e366c6b2850ff9,full_manual_effect_hints_plus_validator,trial=1002:value_or_signature_mismatch
manual_full,geometry:3:random_sharpness->variable_blur,geometry,3,adjacent_swap,random_sharpness,variable_blur,h3/float/float,1.0,False,False,False,False,True,trial=0:value_or_signature_mismatch,330555512ce88d3624430afa50b154a7bb3f628240562ba4675168cd413b7abb,full_manual_effect_hints_plus_validator,trial=1002:value_or_signature_mismatch
manual_full,geometry:4:variable_blur->normalize,geometry,4,adjacent_swap,variable_blur,normalize,h3/float/float,1.0,True,True,True,True,True,none,2a32324df23f06fe516c28ab9969683d40bc5c5c3aab0f9f1fafb54326b5c4a8,full_manual_effect_hints_plus_validator,no_counterexample_in_48_trials
manual_full,equivariant:0:identity->hflip,equivariant,0,adjacent_swap,identity,hflip,h3/float/float,1.0,True,True,True,True,True,none,eb30b277c3380d89a14bb79912879723b159d89666d8d094436665a75edd15f4,full_manual_effect_hints_plus_validator,no_counterexample_in_48_trials
manual_full,equivariant:1:hflip->vflip,equivariant,1,adjacent_swap,hflip,vflip,h3/float/float,1.0,True,True,False,True,True,none,26a829b73e01be928c2759372a639a7d51a205eca71bee4906e7ffdf1c4e6e66,full_manual_effect_hints_plus_validator,no_counterexample_in_48_trials
manual_full,equivariant:2:vflip->random_grayscale,equivariant,2,adjacent_swap,vflip,random_grayscale,h3/float/float,1.0,True,True,True,True,True,none,820afc291cf5b4ae43edf99a8706741ba17bec5196e6418e0e2f45180eb4a65c,full_manual_effect_hints_plus_validator,no_counterexample_in_48_trials
manual_full,equivariant:3:random_grayscale->random_invert,equivariant,3,adjacent_swap,random_grayscale,random_invert,h3/float/float,1.0,False,False,False,False,True,trial=0:value_or_signature_mismatch,3bae74c6369b65c4165db8dc022a1dddf4f779005d48ae91d81577620ec41b20,full_manual_effect_hints_plus_validator,trial=1001:value_or_signature_mismatch
manual_full,equivariant:4:random_invert->rgb,equivariant,4,adjacent_swap,random_invert,rgb,h3/float/float,1.0,True,True,True,True,True,none,207adb697d4f9ae913f7f5949a1c6734f4854003ab944a2500edd25171bb3094,full_manual_effect_hints_plus_validator,no_counterexample_in_48_trials
manual_full,warps:0:random_affine->random_perspective,warps,0,adjacent_swap,random_affine,random_perspective,h3/float/float,1.0,False,False,False,False,True,trial=0:value_or_signature_mismatch,78a7b0e7e7afb308df039ec6c5ab3b125fc9cc1b7c52764431c3d1eb8ef40f1b,full_manual_effect_hints_plus_validator,trial=1000:value_or_signature_mismatch
manual_full,warps:1:random_perspective->resize,warps,1,adjacent_swap,random_perspective,resize,h3/float/float,1.0,False,False,False,False,True,trial=0:value_or_signature_mismatch,57534c7bfa63f2e96ebeff8128b8f1b29f4f81d87843b2ba34f53bb750339c92,full_manual_effect_hints_plus_validator,trial=1000:value_or_signature_mismatch
manual_full,warps:2:resize->color_jitter,warps,2,adjacent_swap,resize,color_jitter,h3/float/float,1.0,False,False,False,False,True,trial=0:value_or_signature_mismatch,b3311b6f0921562e71787448e0bf18ca4475e821eeac2b51ead5664119dc2e42,full_manual_effect_hints_plus_validator,trial=1000:value_or_signature_mismatch
manual_full,warps:3:color_jitter->normalize,warps,3,adjacent_swap,color_jitter,normalize,h3/float/float,1.0,False,False,False,False,True,trial=0:value_or_signature_mismatch,5dab62d2ee78888cbb2b622fdf79e0e2a48ea7a91d75dfdd1b0f161eeb68c762,full_manual_effect_hints_plus_validator,trial=1000:value_or_signature_mismatch
manual_full,dtype_boundary:0:to_float->normalize,dtype_boundary,0,adjacent_swap,to_float,normalize,h3/uint8/uint8,1.0,False,False,False,False,True,trial=0:exception:TypeError,c2e1a07147a286de17c06e286f39a9dd5a2226b2f54aead103b2e48638a8f53a,full_manual_effect_hints_plus_validator,trial=1000:exception:TypeError
manual_full,dtype_boundary:1:normalize->hflip,dtype_boundary,1,adjacent_swap,normalize,hflip,h3/uint8/float,1.0,True,True,True,True,True,none,28ee63bf97cb8f50e4a49eef6ad99a635d38e9d86bb7de9e87f2859f2cb4b1fa,full_manual_effect_hints_plus_validator,no_counterexample_in_48_trials
manual_full,dtype_boundary:2:hflip->color_jitter,dtype_boundary,2,adjacent_swap,hflip,color_jitter,h3/uint8/float,1.0,True,True,False,True,True,none,156e8df43e75ac25c3f3448dcbc790e7ce193229d1121bd990d62ea338cf6ece,full_manual_effect_hints_plus_validator,no_counterexample_in_48_trials
manual_full,uint8_photo:0:random_posterize->random_equalize,uint8_photo,0,adjacent_swap,random_posterize,random_equalize,h3/uint8/uint8,1.0,False,False,False,False,True,trial=0:value_or_signature_mismatch,be9d018d5b4a48003587f72ab0fd2524e2cf116ee43f5c038bff90f2c55f87f7,full_manual_effect_hints_plus_validator,trial=1000:value_or_signature_mismatch
manual_full,uint8_photo:1:random_equalize->random_autocontrast,uint8_photo,1,adjacent_swap,random_equalize,random_autocontrast,h3/uint8/uint8,1.0,True,True,True,True,True,none,e57947e5869719e4bfd00fe965ef79f40d844ef18fce672824afc27f01dc6859,full_manual_effect_hints_plus_validator,no_counterexample_in_48_trials
manual_full,foreign_rng:0:python_gamma->numpy_offset,foreign_rng,0,adjacent_swap,python_gamma,numpy_offset,h3/float/float,1.0,False,False,False,False,True,trial=0:value_or_signature_mismatch,203a2166a8f94749e4ff37f6798f12af44e2a761d545beabeb566064e8ed6c42,full_manual_effect_hints_plus_validator,trial=1000:value_or_signature_mismatch
manual_full,foreign_rng:1:numpy_offset->hflip,foreign_rng,1,adjacent_swap,numpy_offset,hflip,h3/float/float,1.0,True,True,True,True,True,none,098c72132302bab0518f76416b33ffc9ef32ef75e51742ba34e37c7585887fc8,full_manual_effect_hints_plus_validator,no_counterexample_in_48_trials
manual_full,foreign_rng:2:hflip->fixed_blur,foreign_rng,2,adjacent_swap,hflip,fixed_blur,h3/float/float,1.0,True,True,False,True,True,none,0f0816527150ec730097c6b942a21730ed3f0ab8b0a34ffcc8b5db00bb145015,full_manual_effect_hints_plus_validator,no_counterexample_in_48_trials
manual_full,hidden_state:0:stateful_offset->resize,hidden_state,0,adjacent_swap,stateful_offset,resize,h3/float/float,1.0,False,False,False,False,True,stateful_offset:stateful_or_unknown,34be8efab2d78d664a1aa5fa8dd88a510b1fc662f586e754831c2c8e872639ba,full_manual_effect_hints_plus_validator,manual_unsafe_hidden_or_external_state
manual_full,hidden_state:1:resize->hflip,hidden_state,1,adjacent_swap,resize,hflip,h3/float/float,1.0,True,True,True,True,True,none,52bdea5ffd35dc73cbd76199cb0a6dd8619722be7cbbaf2b6c4280d9e62631b3,full_manual_effect_hints_plus_validator,no_counterexample_in_48_trials
manual_full,hidden_state:2:hflip->normalize,hidden_state,2,adjacent_swap,hflip,normalize,h3/float/float,1.0,True,True,False,True,True,none,8ad05766d56fa414aedf3c4f51f24ab32293145c97cf89d7dcdfb10844d5dbd3,full_manual_effect_hints_plus_validator,no_counterexample_in_48_trials
manual_full,external_state:0:external_env->center_crop,external_state,0,adjacent_swap,external_env,center_crop,h3/float/float,1.0,False,False,False,False,True,external_env:stateful_or_unknown,cbedb3a23400e0c19da44c29f65200475e8ae98fd7c98b67e38d644110ec7bd4,full_manual_effect_hints_plus_validator,manual_unsafe_hidden_or_external_state
manual_full,external_state:1:center_crop->color_jitter,external_state,1,adjacent_swap,center_crop,color_jitter,h3/float/float,1.0,False,False,False,False,True,trial=0:value_or_signature_mismatch,5a9c017fa7cdd470141c4e686abcf8bcc7a14c424ec60fe8321c1a55abc64125,full_manual_effect_hints_plus_validator,trial=1000:value_or_signature_mismatch
manual_full,external_state:2:color_jitter->random_erasing,external_state,2,adjacent_swap,color_jitter,random_erasing,h3/float/float,1.0,False,False,False,False,True,trial=2:value_or_signature_mismatch,8fb1165e114c87f29146927566510ef18fb4bea1e225b33e0d59111dfb62b85c,full_manual_effect_hints_plus_validator,trial=1001:value_or_signature_mismatch
human_oracle,classification_a:0:resize->fixed_blur,classification_a,0,adjacent_swap,resize,fixed_blur,h3/float/float,1.0,False,False,False,False,True,trial=1000:value_or_signature_mismatch,69b0a65262a424b7f1554a73b11262054cff6e1acf024f749021ffbb06070a7d,sealed_oracle_upper_bound,trial=1000:value_or_signature_mismatch
human_oracle,classification_a:1:fixed_blur->hflip,classification_a,1,adjacent_swap,fixed_blur,hflip,h3/float/float,1.0,True,True,True,True,True,none,8fd7f584378f70bcd334061d42c12becf18f5e022d8f06b4d759c41efef554da,sealed_oracle_upper_bound,no_counterexample_in_48_trials
human_oracle,classification_a:2:hflip->color_jitter,classification_a,2,adjacent_swap,hflip,color_jitter,h3/float/float,1.0,True,True,False,True,True,none,7ddd87c8d28786680848d4721558ae680727b87f6af8902d5a0dcdf22baaa7f1,sealed_oracle_upper_bound,no_counterexample_in_48_trials
human_oracle,classification_a:3:color_jitter->normalize,classification_a,3,adjacent_swap,color_jitter,normalize,h3/float/float,1.0,False,False,False,False,True,trial=1000:value_or_signature_mismatch,fbb8f1e1229da8a966299825e019cde15b007a60213924ed65934953678da789,sealed_oracle_upper_bound,trial=1000:value_or_signature_mismatch
human_oracle,classification_b:0:pad->random_crop,classification_b,0,adjacent_swap,pad,random_crop,h3/float/float,1.0,False,False,False,False,True,trial=1000:value_or_signature_mismatch,6cb9752b09cb7e151589d35d7eefa76c9b239fb4be3f57b87fb22037d15fe104,sealed_oracle_upper_bound,trial=1000:value_or_signature_mismatch
human_oracle,classification_b:1:random_crop->random_resized_crop,classification_b,1,adjacent_swap,random_crop,random_resized_crop,h3/float/float,1.0,False,False,False,False,True,trial=1000:value_or_signature_mismatch,97e929f61151bbbc4e8141c451f77f8cfb1a40acd78ec63ffe3858f05296f708,sealed_oracle_upper_bound,trial=1000:value_or_signature_mismatch
human_oracle,classification_b:2:random_resized_crop->vflip,classification_b,2,adjacent_swap,random_resized_crop,vflip,h3/float/float,1.0,False,False,False,False,True,trial=1003:value_or_signature_mismatch,e56f15c632236cc224d29511e1abb09f7fde23c818a012034e74a2eb1ee5dd52,sealed_oracle_upper_bound,trial=1003:value_or_signature_mismatch
human_oracle,classification_b:3:vflip->random_solarize,classification_b,3,adjacent_swap,vflip,random_solarize,h3/float/float,1.0,True,True,True,True,True,none,202aaa425fcc61fb8b17204df5fe9c547ef709f67f7d43d46af6a4dc784d6417,sealed_oracle_upper_bound,no_counterexample_in_48_trials
human_oracle,classification_b:4:random_solarize->normalize,classification_b,4,adjacent_swap,random_solarize,normalize,h3/float/float,1.0,False,False,False,False,True,trial=1002:value_or_signature_mismatch,81ce12b978fc8094750bbc5ccafeb39e4524f8a5b281828bf398ad470ff00862,sealed_oracle_upper_bound,trial=1002:value_or_signature_mismatch
human_oracle,geometry:0:center_crop->resize,geometry,0,adjacent_swap,center_crop,resize,h3/float/float,1.0,False,False,False,False,True,trial=1000:value_or_signature_mismatch,01d6906934834ae97f20fa1745c381bc78c90e6040be48a9347431ccf7841412,sealed_oracle_upper_bound,trial=1000:value_or_signature_mismatch
human_oracle,geometry:1:resize->random_rotation,geometry,1,adjacent_swap,resize,random_rotation,h3/float/float,1.0,False,False,False,False,True,trial=1000:value_or_signature_mismatch,2d5e2f097c83f8acb792b7b742d2c5f3b81de86aea8b05cab5cd2c343d28df6e,sealed_oracle_upper_bound,trial=1000:value_or_signature_mismatch
human_oracle,geometry:2:random_rotation->random_sharpness,geometry,2,adjacent_swap,random_rotation,random_sharpness,h3/float/float,1.0,False,False,False,False,True,trial=1002:value_or_signature_mismatch,723bc67a7f8f1762d8271c32a70964265c84a6a4de983b252af107b59349ca72,sealed_oracle_upper_bound,trial=1002:value_or_signature_mismatch
human_oracle,geometry:3:random_sharpness->variable_blur,geometry,3,adjacent_swap,random_sharpness,variable_blur,h3/float/float,1.0,False,False,False,False,True,trial=1002:value_or_signature_mismatch,6864b427ecdb5123ab46b88fadcef7a30291d732d929437f073f235fd5a718ac,sealed_oracle_upper_bound,trial=1002:value_or_signature_mismatch
human_oracle,geometry:4:variable_blur->normalize,geometry,4,adjacent_swap,variable_blur,normalize,h3/float/float,1.0,True,True,True,True,True,none,d7b81f5b6aa514e125a2de69d20e3c64f5be454d93e2d28b2c27e8f5aa52a024,sealed_oracle_upper_bound,no_counterexample_in_48_trials
human_oracle,equivariant:0:identity->hflip,equivariant,0,adjacent_swap,identity,hflip,h3/float/float,1.0,True,True,True,True,True,none,480fcf3b942355ea19b8c6f76b78e3ae595f37d059d92ebea64c00d6a31a5795,sealed_oracle_upper_bound,no_counterexample_in_48_trials
human_oracle,equivariant:1:hflip->vflip,equivariant,1,adjacent_swap,hflip,vflip,h3/float/float,1.0,True,True,False,True,True,none,83acd7dfc2180ab03673e979af30923a622f62752991c7dea75235b984a7adc7,sealed_oracle_upper_bound,no_counterexample_in_48_trials
human_oracle,equivariant:2:vflip->random_grayscale,equivariant,2,adjacent_swap,vflip,random_grayscale,h3/float/float,1.0,True,True,True,True,True,none,dd43204c4b514a2aacd5b34a5670b02c9c26aa6304f7dcf0823c478061aaa57d,sealed_oracle_upper_bound,no_counterexample_in_48_trials
human_oracle,equivariant:3:random_grayscale->random_invert,equivariant,3,adjacent_swap,random_grayscale,random_invert,h3/float/float,1.0,False,False,False,False,True,trial=1001:value_or_signature_mismatch,5bb296976d0a7c22c9d3c33bfe924a08377212361511d783a3c54e201a7fd35e,sealed_oracle_upper_bound,trial=1001:value_or_signature_mismatch
human_oracle,equivariant:4:random_invert->rgb,equivariant,4,adjacent_swap,random_invert,rgb,h3/float/float,1.0,True,True,True,True,True,none,6b1b6a00a91c26d54dce3fd0502062c9f74f94424aaee4c2b08638626e1bcdf3,sealed_oracle_upper_bound,no_counterexample_in_48_trials
human_oracle,warps:0:random_affine->random_perspective,warps,0,adjacent_swap,random_affine,random_perspective,h3/float/float,1.0,False,False,False,False,True,trial=1000:value_or_signature_mismatch,b02413e0c586be074448f531bbd75cd31f913f178cb30b69f2d6d8c95820ccef,sealed_oracle_upper_bound,trial=1000:value_or_signature_mismatch
human_oracle,warps:1:random_perspective->resize,warps,1,adjacent_swap,random_perspective,resize,h3/float/float,1.0,False,False,False,False,True,trial=1000:value_or_signature_mismatch,3cb5b4be48618d7e4c07ab584393ab36169a96efc942300b42be5e6eb52967af,sealed_oracle_upper_bound,trial=1000:value_or_signature_mismatch
human_oracle,warps:2:resize->color_jitter,warps,2,adjacent_swap,resize,color_jitter,h3/float/float,1.0,False,False,False,False,True,trial=1000:value_or_signature_mismatch,df6306dbab2952e40af4f4d90d6b581240a6754b77a0928f33a9b87a02dd3dc3,sealed_oracle_upper_bound,trial=1000:value_or_signature_mismatch
human_oracle,warps:3:color_jitter->normalize,warps,3,adjacent_swap,color_jitter,normalize,h3/float/float,1.0,False,False,False,False,True,trial=1000:value_or_signature_mismatch,b5e5ee14ae5b4cb965f8166827fa415d402157dc5bc9d27bd365490d2247af85,sealed_oracle_upper_bound,trial=1000:value_or_signature_mismatch
human_oracle,dtype_boundary:0:to_float->normalize,dtype_boundary,0,adjacent_swap,to_float,normalize,h3/uint8/uint8,1.0,False,False,False,False,True,trial=1000:exception:TypeError,9fc0c25a298afda76ff0ec6ab8a1efb0aeb4879d2f882493ddd2b7df0fb07044,sealed_oracle_upper_bound,trial=1000:exception:TypeError
human_oracle,dtype_boundary:1:normalize->hflip,dtype_boundary,1,adjacent_swap,normalize,hflip,h3/uint8/float,1.0,True,True,True,True,True,none,99b4ada54723faba1d41ad982b1fc9bcb695df2b29380000a68d396472d1500d,sealed_oracle_upper_bound,no_counterexample_in_48_trials
human_oracle,dtype_boundary:2:hflip->color_jitter,dtype_boundary,2,adjacent_swap,hflip,color_jitter,h3/uint8/float,1.0,True,True,False,True,True,none,fa18cee50e4734236ce7e3cfadd12c07d1f55bc3fee455cb4482a693efb2133e,sealed_oracle_upper_bound,no_counterexample_in_48_trials
human_oracle,uint8_photo:0:random_posterize->random_equalize,uint8_photo,0,adjacent_swap,random_posterize,random_equalize,h3/uint8/uint8,1.0,False,False,False,False,True,trial=1000:value_or_signature_mismatch,6428ad6f167ea0db58cecff85d079e93f3d1eed1c46ae56c31a84ceb93358781,sealed_oracle_upper_bound,trial=1000:value_or_signature_mismatch
human_oracle,uint8_photo:1:random_equalize->random_autocontrast,uint8_photo,1,adjacent_swap,random_equalize,random_autocontrast,h3/uint8/uint8,1.0,True,True,True,True,True,none,525c9c833333fa90f46d9505ce1c379444a8cd77b9492fb84306b2f3583085e0,sealed_oracle_upper_bound,no_counterexample_in_48_trials
human_oracle,foreign_rng:0:python_gamma->numpy_offset,foreign_rng,0,adjacent_swap,python_gamma,numpy_offset,h3/float/float,1.0,False,False,False,False,True,trial=1000:value_or_signature_mismatch,13c90d12a3b26c6aab56cd15489d5351f06026525f341e7207ef4b26aa2e8239,sealed_oracle_upper_bound,trial=1000:value_or_signature_mismatch
human_oracle,foreign_rng:1:numpy_offset->hflip,foreign_rng,1,adjacent_swap,numpy_offset,hflip,h3/float/float,1.0,True,True,True,True,True,none,8e5cae33ceaff3aae02d1da80c2f6b0102c18df02673edcdcea38ab33bb9d83f,sealed_oracle_upper_bound,no_counterexample_in_48_trials
human_oracle,foreign_rng:2:hflip->fixed_blur,foreign_rng,2,adjacent_swap,hflip,fixed_blur,h3/float/float,1.0,True,True,False,True,True,none,27b1df9210cf75fb14ed3bbe037e5ac6bf53a7d479f2d9fd0611d435302aaca2,sealed_oracle_upper_bound,no_counterexample_in_48_trials
human_oracle,hidden_state:0:stateful_offset->resize,hidden_state,0,adjacent_swap,stateful_offset,resize,h3/float/float,1.0,False,False,False,False,True,manual_unsafe_hidden_or_external_state,5df39be8dc076ce6619a63187b7c9917fc4787e811ef988725d05d1b616197e8,sealed_oracle_upper_bound,manual_unsafe_hidden_or_external_state
human_oracle,hidden_state:1:resize->hflip,hidden_state,1,adjacent_swap,resize,hflip,h3/float/float,1.0,True,True,True,True,True,none,e04bbcf61ada4bb5116eb7f0891f07462040959ba5d5087fa173b141cfa34163,sealed_oracle_upper_bound,no_counterexample_in_48_trials
human_oracle,hidden_state:2:hflip->normalize,hidden_state,2,adjacent_swap,hflip,normalize,h3/float/float,1.0,True,True,False,True,True,none,640e171b57ffefd845ffedaf474d255c27e1f13e00b638ddf63052c4b54dc234,sealed_oracle_upper_bound,no_counterexample_in_48_trials
human_oracle,external_state:0:external_env->center_crop,external_state,0,adjacent_swap,external_env,center_crop,h3/float/float,1.0,False,False,False,False,True,manual_unsafe_hidden_or_external_state,827bd436a7143e0e9ec2de44fa331b87fab828a588bb4f2b23a9cede50e44b5d,sealed_oracle_upper_bound,manual_unsafe_hidden_or_external_state
human_oracle,external_state:1:center_crop->color_jitter,external_state,1,adjacent_swap,center_crop,color_jitter,h3/float/float,1.0,False,False,False,False,True,trial=1000:value_or_signature_mismatch,6a5187101003f0ed37beb7a6393bca4fee1bd55965de8cf3969dd2a1ada9a27a,sealed_oracle_upper_bound,trial=1000:value_or_signature_mismatch
human_oracle,external_state:2:color_jitter->random_erasing,external_state,2,adjacent_swap,color_jitter,random_erasing,h3/float/float,1.0,False,False,False,False,True,trial=1001:value_or_signature_mismatch,4723a93a30905f7a0097923f0453f309d9370f62ce849a688a443e5446f9880f,sealed_oracle_upper_bound,trial=1001:value_or_signature_mismatch
