window,phase,policy,remote,local,batch_ms,cost_units,reconfigured
0,steady,one_shot_stable,0,8,585.720013725077,2905.171268076382,0
0,steady,change_aware,0,8,585.720013725077,2905.171268076382,0
0,steady,phase_oracle,0,8,585.720013725077,2905.171268076382,0
1,steady,one_shot_stable,0,8,581.8630140291211,2886.0405495844407,0
1,steady,change_aware,0,8,581.8630140291211,2886.0405495844407,0
1,steady,phase_oracle,0,8,581.8630140291211,2886.0405495844407,0
2,steady,one_shot_stable,0,8,582.3379242453677,2888.396104257024,0
2,steady,change_aware,0,8,582.3379242453677,2888.396104257024,0
2,steady,phase_oracle,0,8,582.3379242453677,2888.396104257024,0
3,steady,one_shot_stable,0,8,585.3126845259211,2903.1509152485687,0
3,steady,change_aware,0,8,585.3126845259211,2903.1509152485687,0
3,steady,phase_oracle,0,8,585.3126845259211,2903.1509152485687,0
4,steady,one_shot_stable,0,8,584.4948793957705,2899.0946018030213,0
4,steady,change_aware,0,8,584.4948793957705,2899.0946018030213,0
4,steady,phase_oracle,0,8,584.4948793957705,2899.0946018030213,0
5,steady,one_shot_stable,0,8,584.1981910819992,2897.623027766716,0
5,steady,change_aware,0,8,584.1981910819992,2897.623027766716,0
5,steady,phase_oracle,0,8,584.1981910819992,2897.623027766716,0
6,steady,one_shot_stable,0,8,587.3245045209021,2913.1295424236746,0
6,steady,change_aware,0,8,587.3245045209021,2913.1295424236746,0
6,steady,phase_oracle,0,8,587.3245045209021,2913.1295424236746,0
7,steady,one_shot_stable,0,8,585.6611508447558,2904.8793081899885,0
7,steady,change_aware,0,8,585.6611508447558,2904.8793081899885,0
7,steady,phase_oracle,0,8,585.6611508447558,2904.8793081899885,0
8,steady,one_shot_stable,0,8,575.1951887860472,2852.968136378794,0
8,steady,change_aware,0,8,575.1951887860472,2852.968136378794,0
8,steady,phase_oracle,0,8,575.1951887860472,2852.968136378794,0
9,steady,one_shot_stable,0,8,581.1484500465783,2882.4963122310282,0
9,steady,change_aware,0,8,581.1484500465783,2882.4963122310282,0
9,steady,phase_oracle,0,8,581.1484500465783,2882.4963122310282,0
10,steady,one_shot_stable,0,8,583.1190785909413,2892.270629811069,0
10,steady,change_aware,0,8,583.1190785909413,2892.270629811069,0
10,steady,phase_oracle,0,8,583.1190785909413,2892.270629811069,0
11,steady,one_shot_stable,0,8,580.3362378339191,2878.467739656239,0
11,steady,change_aware,0,8,580.3362378339191,2878.467739656239,0
11,steady,phase_oracle,0,8,580.3362378339191,2878.467739656239,0
12,steady,one_shot_stable,0,8,585.1727208920096,2902.4566956243675,0
12,steady,change_aware,0,8,585.1727208920096,2902.4566956243675,0
12,steady,phase_oracle,0,8,585.1727208920096,2902.4566956243675,0
13,steady,one_shot_stable,0,8,591.3484748142241,2933.088435078552,0
13,steady,change_aware,0,8,591.3484748142241,2933.088435078552,0
13,steady,phase_oracle,0,8,591.3484748142241,2933.088435078552,0
14,steady,one_shot_stable,0,8,588.9193577772354,2921.0400145750878,0
14,steady,change_aware,0,8,588.9193577772354,2921.0400145750878,0
14,steady,phase_oracle,0,8,588.9193577772354,2921.0400145750878,0
15,steady,one_shot_stable,0,8,579.8822591509511,2876.2160053887173,0
15,steady,change_aware,0,8,579.8822591509511,2876.2160053887173,0
15,steady,phase_oracle,0,8,579.8822591509511,2876.2160053887173,0
16,steady,one_shot_stable,0,8,582.8367004528202,2890.8700342459883,0
16,steady,change_aware,0,8,582.8367004528202,2890.8700342459883,0
16,steady,phase_oracle,0,8,582.8367004528202,2890.8700342459883,0
17,steady,one_shot_stable,0,8,584.4926605166586,2899.0835961626267,0
17,steady,change_aware,0,8,584.4926605166586,2899.0835961626267,0
17,steady,phase_oracle,0,8,584.4926605166586,2899.0835961626267,0
18,steady,one_shot_stable,0,8,578.8677425362423,2871.1840029797618,0
18,steady,change_aware,0,8,578.8677425362423,2871.1840029797618,0
18,steady,phase_oracle,0,8,578.8677425362423,2871.1840029797618,0
19,steady,one_shot_stable,0,8,589.0309661361996,2921.59359203555,0
19,steady,change_aware,0,8,589.0309661361996,2921.59359203555,0
19,steady,phase_oracle,0,8,589.0309661361996,2921.59359203555,0
20,steady,one_shot_stable,0,8,584.4755408208084,2898.9986824712096,0
20,steady,change_aware,0,8,584.4755408208084,2898.9986824712096,0
20,steady,phase_oracle,0,8,584.4755408208084,2898.9986824712096,0
21,steady,one_shot_stable,0,8,576.3811987039816,2858.8507455717486,0
21,steady,change_aware,0,8,576.3811987039816,2858.8507455717486,0
21,steady,phase_oracle,0,8,576.3811987039816,2858.8507455717486,0
22,steady,one_shot_stable,0,8,589.4291367990998,2923.5685185235347,0
22,steady,change_aware,0,8,589.4291367990998,2923.5685185235347,0
22,steady,phase_oracle,0,8,589.4291367990998,2923.5685185235347,0
23,steady,one_shot_stable,0,8,581.8325620283603,2885.889507660667,0
23,steady,change_aware,0,8,581.8325620283603,2885.889507660667,0
23,steady,phase_oracle,0,8,581.8325620283603,2885.889507660667,0
24,steady,one_shot_stable,0,8,579.5194519219606,2874.4164815329245,0
24,steady,change_aware,0,8,579.5194519219606,2874.4164815329245,0
24,steady,phase_oracle,0,8,579.5194519219606,2874.4164815329245,0
25,steady,one_shot_stable,0,8,583.0426938236462,2891.891761365285,0
25,steady,change_aware,0,8,583.0426938236462,2891.891761365285,0
25,steady,phase_oracle,0,8,583.0426938236462,2891.891761365285,0
26,steady,one_shot_stable,0,8,587.1966140996261,2912.4952059341454,0
26,steady,change_aware,0,8,587.1966140996261,2912.4952059341454,0
26,steady,phase_oracle,0,8,587.1966140996261,2912.4952059341454,0
27,steady,one_shot_stable,0,8,587.7472616979013,2915.2264180215907,0
27,steady,change_aware,0,8,587.7472616979013,2915.2264180215907,0
27,steady,phase_oracle,0,8,587.7472616979013,2915.2264180215907,0
28,steady,one_shot_stable,0,8,585.023803794959,2901.7180668229967,0
28,steady,change_aware,0,8,585.023803794959,2901.7180668229967,0
28,steady,phase_oracle,0,8,585.023803794959,2901.7180668229967,0
29,steady,one_shot_stable,0,8,577.2705489379208,2863.261922732087,0
29,steady,change_aware,0,8,577.2705489379208,2863.261922732087,0
29,steady,phase_oracle,0,8,577.2705489379208,2863.261922732087,0
30,steady,one_shot_stable,0,8,580.4784583751516,2879.173153540752,0
30,steady,change_aware,0,8,580.4784583751516,2879.173153540752,0
30,steady,phase_oracle,0,8,580.4784583751516,2879.173153540752,0
31,steady,one_shot_stable,0,8,577.4309903865939,2864.0577123175053,0
31,steady,change_aware,0,8,577.4309903865939,2864.0577123175053,0
31,steady,phase_oracle,0,8,577.4309903865939,2864.0577123175053,0
32,steady,one_shot_stable,0,8,580.8547682344594,2881.039650442918,0
32,steady,change_aware,0,8,580.8547682344594,2881.039650442918,0
32,steady,phase_oracle,0,8,580.8547682344594,2881.039650442918,0
33,steady,one_shot_stable,0,8,573.8516371119063,2846.304120075055,0
33,steady,change_aware,0,8,573.8516371119063,2846.304120075055,0
33,steady,phase_oracle,0,8,573.8516371119063,2846.304120075055,0
34,steady,one_shot_stable,0,8,584.4503051164145,2898.8735133774157,0
34,steady,change_aware,0,8,584.4503051164145,2898.8735133774157,0
34,steady,phase_oracle,0,8,584.4503051164145,2898.8735133774157,0
35,steady,one_shot_stable,0,8,586.0329857684159,2906.7236094113427,0
35,steady,change_aware,0,8,586.0329857684159,2906.7236094113427,0
35,steady,phase_oracle,0,8,586.0329857684159,2906.7236094113427,0
36,steady,one_shot_stable,0,8,571.5815707931877,2835.044591134211,0
36,steady,change_aware,0,8,571.5815707931877,2835.044591134211,0
36,steady,phase_oracle,0,8,571.5815707931877,2835.044591134211,0
37,steady,one_shot_stable,0,8,579.8974442812299,2876.2913236349004,0
37,steady,change_aware,0,8,579.8974442812299,2876.2913236349004,0
37,steady,phase_oracle,0,8,579.8974442812299,2876.2913236349004,0
38,steady,one_shot_stable,0,8,587.8943991266246,2915.956219668058,0
38,steady,change_aware,0,8,587.8943991266246,2915.956219668058,0
38,steady,phase_oracle,0,8,587.8943991266246,2915.956219668058,0
39,steady,one_shot_stable,0,8,584.0671754420464,2896.97319019255,0
39,steady,change_aware,0,8,584.0671754420464,2896.97319019255,0
39,steady,phase_oracle,0,8,584.0671754420464,2896.97319019255,0
40,steady,one_shot_stable,0,8,585.3603597792167,2903.3873845049147,0
40,steady,change_aware,0,8,585.3603597792167,2903.3873845049147,0
40,steady,phase_oracle,0,8,585.3603597792167,2903.3873845049147,0
41,steady,one_shot_stable,0,8,586.2221334818585,2907.661782070018,0
41,steady,change_aware,0,8,586.2221334818585,2907.661782070018,0
41,steady,phase_oracle,0,8,586.2221334818585,2907.661782070018,0
42,steady,one_shot_stable,0,8,585.889442010279,2906.011632370984,0
42,steady,change_aware,0,8,585.889442010279,2906.011632370984,0
42,steady,phase_oracle,0,8,585.889442010279,2906.011632370984,0
43,steady,one_shot_stable,0,8,589.3147564192191,2923.0011918393266,0
43,steady,change_aware,0,8,589.3147564192191,2923.0011918393266,0
43,steady,phase_oracle,0,8,589.3147564192191,2923.0011918393266,0
44,steady,one_shot_stable,0,8,585.8049107017318,2905.59235708059,0
44,steady,change_aware,0,8,585.8049107017318,2905.59235708059,0
44,steady,phase_oracle,0,8,585.8049107017318,2905.59235708059,0
45,steady,one_shot_stable,0,8,580.3761598805971,2878.665753007762,0
45,steady,change_aware,0,8,580.3761598805971,2878.665753007762,0
45,steady,phase_oracle,0,8,580.3761598805971,2878.665753007762,0
46,steady,one_shot_stable,0,8,574.8810001549004,2851.409760768306,0
46,steady,change_aware,0,8,574.8810001549004,2851.409760768306,0
46,steady,phase_oracle,0,8,574.8810001549004,2851.409760768306,0
47,steady,one_shot_stable,0,8,588.0911291353107,2916.932000511141,0
47,steady,change_aware,0,8,588.0911291353107,2916.932000511141,0
47,steady,phase_oracle,0,8,588.0911291353107,2916.932000511141,0
48,steady,one_shot_stable,0,8,590.8471622590828,2930.6019248050507,0
48,steady,change_aware,0,8,590.8471622590828,2930.6019248050507,0
48,steady,phase_oracle,0,8,590.8471622590828,2930.6019248050507,0
49,steady,one_shot_stable,0,8,582.632685827361,2889.8581217037104,0
49,steady,change_aware,0,8,582.632685827361,2889.8581217037104,0
49,steady,phase_oracle,0,8,582.632685827361,2889.8581217037104,0
50,steady,one_shot_stable,0,8,586.3658779600775,2908.374754681984,0
50,steady,change_aware,0,8,586.3658779600775,2908.374754681984,0
50,steady,phase_oracle,0,8,586.3658779600775,2908.374754681984,0
51,steady,one_shot_stable,0,8,588.6797477673372,2919.8515489259926,0
51,steady,change_aware,0,8,588.6797477673372,2919.8515489259926,0
51,steady,phase_oracle,0,8,588.6797477673372,2919.8515489259926,0
52,steady,one_shot_stable,0,8,581.3978979391644,2883.7335737782555,0
52,steady,change_aware,0,8,581.3978979391644,2883.7335737782555,0
52,steady,phase_oracle,0,8,581.3978979391644,2883.7335737782555,0
53,steady,one_shot_stable,0,8,583.458395060554,2893.953639500348,0
53,steady,change_aware,0,8,583.458395060554,2893.953639500348,0
53,steady,phase_oracle,0,8,583.458395060554,2893.953639500348,0
54,steady,one_shot_stable,0,8,587.7501245723017,2915.2406178786164,0
54,steady,change_aware,0,8,587.7501245723017,2915.2406178786164,0
54,steady,phase_oracle,0,8,587.7501245723017,2915.2406178786164,0
55,steady,one_shot_stable,0,8,581.2574782692732,2883.037092215595,0
55,steady,change_aware,0,8,581.2574782692732,2883.037092215595,0
55,steady,phase_oracle,0,8,581.2574782692732,2883.037092215595,0
56,steady,one_shot_stable,0,8,582.7045083920989,2890.2143616248104,0
56,steady,change_aware,0,8,582.7045083920989,2890.2143616248104,0
56,steady,phase_oracle,0,8,582.7045083920989,2890.2143616248104,0
57,steady,one_shot_stable,0,8,581.94266830171,2886.4356347764815,0
57,steady,change_aware,0,8,581.94266830171,2886.4356347764815,0
57,steady,phase_oracle,0,8,581.94266830171,2886.4356347764815,0
58,steady,one_shot_stable,0,8,578.5409631217263,2869.5631770837626,0
58,steady,change_aware,0,8,578.5409631217263,2869.5631770837626,0
58,steady,phase_oracle,0,8,578.5409631217263,2869.5631770837626,0
59,steady,one_shot_stable,0,8,577.4144974309899,2863.97590725771,0
59,steady,change_aware,0,8,577.4144974309899,2863.97590725771,0
59,steady,phase_oracle,0,8,577.4144974309899,2863.97590725771,0
60,steady,one_shot_stable,0,8,586.2804326348582,2907.9509458688967,0
60,steady,change_aware,0,8,586.2804326348582,2907.9509458688967,0
60,steady,phase_oracle,0,8,586.2804326348582,2907.9509458688967,0
61,steady,one_shot_stable,0,8,587.3420109678499,2913.2163744005356,0
61,steady,change_aware,0,8,587.3420109678499,2913.2163744005356,0
61,steady,phase_oracle,0,8,587.3420109678499,2913.2163744005356,0
62,steady,one_shot_stable,0,8,583.9976629104463,2896.628408035813,0
62,steady,change_aware,0,8,583.9976629104463,2896.628408035813,0
62,steady,phase_oracle,0,8,583.9976629104463,2896.628408035813,0
63,steady,one_shot_stable,0,8,586.0179745972255,2906.6491540022384,0
63,steady,change_aware,0,8,586.0179745972255,2906.6491540022384,0
63,steady,phase_oracle,0,8,586.0179745972255,2906.6491540022384,0
64,steady,one_shot_stable,0,8,584.6280346519541,2899.755051873692,0
64,steady,change_aware,0,8,584.6280346519541,2899.755051873692,0
64,steady,phase_oracle,0,8,584.6280346519541,2899.755051873692,0
65,steady,one_shot_stable,0,8,583.3372508902108,2893.3527644154456,0
65,steady,change_aware,0,8,583.3372508902108,2893.3527644154456,0
65,steady,phase_oracle,0,8,583.3372508902108,2893.3527644154456,0
66,steady,one_shot_stable,0,8,585.9740979359884,2906.4315257625026,0
66,steady,change_aware,0,8,585.9740979359884,2906.4315257625026,0
66,steady,phase_oracle,0,8,585.9740979359884,2906.4315257625026,0
67,steady,one_shot_stable,0,8,584.8497323049394,2900.8546722324995,0
67,steady,change_aware,0,8,584.8497323049394,2900.8546722324995,0
67,steady,phase_oracle,0,8,584.8497323049394,2900.8546722324995,0
68,steady,one_shot_stable,0,8,581.5947609924067,2884.710014522337,0
68,steady,change_aware,0,8,581.5947609924067,2884.710014522337,0
68,steady,phase_oracle,0,8,581.5947609924067,2884.710014522337,0
69,steady,one_shot_stable,0,8,587.6443281539827,2914.715867643754,0
69,steady,change_aware,0,8,587.6443281539827,2914.715867643754,0
69,steady,phase_oracle,0,8,587.6443281539827,2914.715867643754,0
70,steady,one_shot_stable,0,8,585.1338546296003,2902.263918962817,0
70,steady,change_aware,0,8,585.1338546296003,2902.263918962817,0
70,steady,phase_oracle,0,8,585.1338546296003,2902.263918962817,0
71,steady,one_shot_stable,0,8,571.364829120335,2833.9695524368617,0
71,steady,change_aware,0,8,571.364829120335,2833.9695524368617,0
71,steady,phase_oracle,0,8,571.364829120335,2833.9695524368617,0
72,steady,one_shot_stable,0,8,584.4715194122155,2898.9787362845886,0
72,steady,change_aware,0,8,584.4715194122155,2898.9787362845886,0
72,steady,phase_oracle,0,8,584.4715194122155,2898.9787362845886,0
73,steady,one_shot_stable,0,8,584.446675534685,2898.8555106520375,0
73,steady,change_aware,0,8,584.446675534685,2898.8555106520375,0
73,steady,phase_oracle,0,8,584.446675534685,2898.8555106520375,0
74,steady,one_shot_stable,0,8,586.3906822355361,2908.497783888259,0
74,steady,change_aware,0,8,586.3906822355361,2908.497783888259,0
74,steady,phase_oracle,0,8,586.3906822355361,2908.497783888259,0
75,steady,one_shot_stable,0,8,580.8970937547241,2881.2495850234313,0
75,steady,change_aware,0,8,580.8970937547241,2881.2495850234313,0
75,steady,phase_oracle,0,8,580.8970937547241,2881.2495850234313,0
76,steady,one_shot_stable,0,8,584.9906200244628,2901.5534753213356,0
76,steady,change_aware,0,8,584.9906200244628,2901.5534753213356,0
76,steady,phase_oracle,0,8,584.9906200244628,2901.5534753213356,0
77,steady,one_shot_stable,0,8,582.8692400898412,2891.0314308456127,0
77,steady,change_aware,0,8,582.8692400898412,2891.0314308456127,0
77,steady,phase_oracle,0,8,582.8692400898412,2891.0314308456127,0
78,steady,one_shot_stable,0,8,583.0405394491645,2891.881075667856,0
78,steady,change_aware,0,8,583.0405394491645,2891.881075667856,0
78,steady,phase_oracle,0,8,583.0405394491645,2891.881075667856,0
79,steady,one_shot_stable,0,8,581.0611378605718,2882.063243788436,0
79,steady,change_aware,0,8,581.0611378605718,2882.063243788436,0
79,steady,phase_oracle,0,8,581.0611378605718,2882.063243788436,0
80,host_contention,one_shot_stable,0,8,1499.0121410091685,7435.100219405476,0
80,host_contention,change_aware,0,8,1499.0121410091685,7435.100219405476,0
80,host_contention,phase_oracle,7,2,628.8492327528364,5000.126771489034,0
81,host_contention,one_shot_stable,0,8,1524.7003282089295,7562.51362791629,0
81,host_contention,change_aware,0,8,1524.7003282089295,7562.51362791629,0
81,host_contention,phase_oracle,7,2,639.6256610214598,5085.812663560645,0
82,host_contention,one_shot_stable,0,8,1531.207471538209,7594.789058829516,0
82,host_contention,change_aware,7,2,2642.355466856972,21009.983985803563,1
82,host_contention,phase_oracle,7,2,642.3554668569718,5107.517985803561,0
83,host_contention,one_shot_stable,0,8,1508.8801851812793,7484.045718499146,0
83,host_contention,change_aware,7,2,632.9889670729502,5033.042763626356,0
83,host_contention,phase_oracle,7,2,632.9889670729502,5033.042763626356,0
84,host_contention,one_shot_stable,0,8,1520.7029823456162,7542.686792434256,0
84,host_contention,change_aware,7,2,637.9487380597151,5072.479058368763,0
84,host_contention,phase_oracle,7,2,637.9487380597151,5072.479058368763,0
85,host_contention,one_shot_stable,0,8,1480.6815367747404,7344.180422402712,0
85,host_contention,change_aware,7,2,621.1593774852495,4938.982940520173,0
85,host_contention,phase_oracle,7,2,621.1593774852495,4938.982940520173,0
86,host_contention,one_shot_stable,0,8,1495.6350006778732,7418.349603362251,0
86,host_contention,change_aware,7,2,627.4324916550598,4988.861932919936,0
86,host_contention,phase_oracle,7,2,627.4324916550598,4988.861932919936,0
87,host_contention,one_shot_stable,0,8,1495.0951666960357,7415.672026812337,0
87,host_contention,change_aware,7,2,627.2060263876979,4987.061254812735,0
87,host_contention,phase_oracle,7,2,627.2060263876979,4987.061254812735,0
88,host_contention,one_shot_stable,0,8,1527.6195031778304,7576.992735762039,0
88,host_contention,change_aware,7,2,640.8502814826581,5095.5499061842,0
88,host_contention,phase_oracle,7,2,640.8502814826581,5095.5499061842,0
89,host_contention,one_shot_stable,0,8,1515.4712479454818,7516.737389809589,0
89,host_contention,change_aware,7,2,635.7539778750003,5055.028008760972,0
89,host_contention,phase_oracle,7,2,635.7539778750003,5055.028008760972,0
90,host_contention,one_shot_stable,0,8,1514.869302888624,7513.751742327575,0
90,host_contention,change_aware,7,2,635.501456446515,5053.020152045593,0
90,host_contention,phase_oracle,7,2,635.501456446515,5053.020152045593,0
91,host_contention,one_shot_stable,0,8,1531.7183628250511,7597.323079612253,0
91,host_contention,change_aware,7,2,642.5697904004319,5109.222122234997,0
91,host_contention,phase_oracle,7,2,642.5697904004319,5109.222122234997,0
92,host_contention,one_shot_stable,0,8,1509.6011861219629,7487.621883164936,0
92,host_contention,change_aware,7,2,633.2914335279968,5035.447744885115,0
92,host_contention,phase_oracle,7,2,633.2914335279968,5035.447744885115,0
93,host_contention,one_shot_stable,0,8,1499.2751063056285,7436.404527275917,0
93,host_contention,change_aware,7,2,628.9595490874381,5001.003922369157,0
93,host_contention,phase_oracle,7,2,628.9595490874381,5001.003922369157,0
94,host_contention,one_shot_stable,0,8,1509.9413498535946,7489.309095273829,0
94,host_contention,change_aware,7,2,633.4341353085861,5036.582399992095,0
94,host_contention,phase_oracle,7,2,633.4341353085861,5036.582399992095,0
95,host_contention,one_shot_stable,0,8,1521.6921732725348,7547.593179431772,0
95,host_contention,change_aware,7,2,638.3637126542638,5075.7786180591,0
95,host_contention,phase_oracle,7,2,638.3637126542638,5075.7786180591,0
96,host_contention,one_shot_stable,0,8,1520.8888642506463,7543.608766683205,0
96,host_contention,change_aware,7,2,638.0267172102256,5073.0990887636135,0
96,host_contention,phase_oracle,7,2,638.0267172102256,5073.0990887636135,0
97,host_contention,one_shot_stable,0,8,1494.8848658480013,7414.628934606086,0
97,host_contention,change_aware,7,2,627.1178032684077,4986.359772235271,0
97,host_contention,phase_oracle,7,2,627.1178032684077,4986.359772235271,0
98,host_contention,one_shot_stable,0,8,1501.4986076864639,7447.433094124861,0
98,host_contention,change_aware,7,2,629.8923281484681,5008.420666020928,0
98,host_contention,phase_oracle,7,2,629.8923281484681,5008.420666020928,0
99,host_contention,one_shot_stable,0,8,1495.3614705751327,7416.992894052658,0
99,host_contention,change_aware,7,2,627.3177432880937,4987.949541917819,0
99,host_contention,phase_oracle,7,2,627.3177432880937,4987.949541917819,0
100,host_contention,one_shot_stable,0,8,1522.1951758969576,7550.08807244891,0
100,host_contention,change_aware,7,2,638.5747268320596,5077.456440953058,0
100,host_contention,phase_oracle,7,2,638.5747268320596,5077.456440953058,0
101,host_contention,one_shot_stable,0,8,1501.8063331942876,7448.959412643667,0
101,host_contention,change_aware,7,2,630.0214217990126,5009.447119715229,0
101,host_contention,phase_oracle,7,2,630.0214217990126,5009.447119715229,0
102,host_contention,one_shot_stable,0,8,1499.3541796029256,7436.796730830511,0
102,host_contention,change_aware,7,2,628.9927210551467,5001.267680413477,0
102,host_contention,phase_oracle,7,2,628.9927210551467,5001.267680413477,0
103,host_contention,one_shot_stable,0,8,1532.398277130483,7600.695454567195,0
103,host_contention,change_aware,7,2,642.8550206381408,5111.490054313666,0
103,host_contention,phase_oracle,7,2,642.8550206381408,5111.490054313666,0
104,host_contention,one_shot_stable,0,8,1532.0461208558852,7598.94875944519,0
104,host_contention,change_aware,7,2,642.7072878766563,5110.3153967053695,0
104,host_contention,phase_oracle,7,2,642.7072878766563,5110.3153967053695,0
105,host_contention,one_shot_stable,0,8,1511.0051592944199,7494.585590100322,0
105,host_contention,change_aware,7,2,633.8804130486769,5040.130858286271,0
105,host_contention,phase_oracle,7,2,633.8804130486769,5040.130858286271,0
106,host_contention,one_shot_stable,0,8,1530.1855420786962,7589.720288710333,0
106,host_contention,change_aware,7,2,641.92675815011,5104.109222986173,0
106,host_contention,phase_oracle,7,2,641.92675815011,5104.109222986173,0
107,host_contention,one_shot_stable,0,8,1505.860500188576,7469.068080935337,0
107,host_contention,change_aware,7,2,631.7221817422202,5022.970258300738,0
107,host_contention,phase_oracle,7,2,631.7221817422202,5022.970258300738,0
108,host_contention,one_shot_stable,0,8,1518.1206208909314,7529.87827961902,0
108,host_contention,change_aware,7,2,636.8654139324163,5063.865295818089,0
108,host_contention,phase_oracle,7,2,636.8654139324163,5063.865295818089,0
109,host_contention,one_shot_stable,0,8,1500.808821764888,7444.011755953845,0
109,host_contention,change_aware,7,2,629.6029566779645,5006.119806035402,0
109,host_contention,phase_oracle,7,2,629.6029566779645,5006.119806035402,0
110,host_contention,one_shot_stable,0,8,1531.162783564407,7594.567406479458,0
110,host_contention,change_aware,7,2,642.3367198453434,5107.368923946049,0
110,host_contention,phase_oracle,7,2,642.3367198453434,5107.368923946049,0
111,host_contention,one_shot_stable,0,8,1510.9713867450594,7494.418078255494,0
111,host_contention,change_aware,7,2,633.8662451569218,5040.018206077807,0
111,host_contention,phase_oracle,7,2,633.8662451569218,5040.018206077807,0
112,host_contention,one_shot_stable,0,8,1525.4879856137193,7566.420408644048,0
112,host_contention,change_aware,7,2,639.95609046971,5088.439985093744,0
112,host_contention,phase_oracle,7,2,639.95609046971,5088.439985093744,0
113,host_contention,one_shot_stable,0,8,1514.6612411446713,7512.719756077569,0
113,host_contention,change_aware,7,2,635.4141726517609,5052.326138256379,0
113,host_contention,phase_oracle,7,2,635.4141726517609,5052.326138256379,0
114,host_contention,one_shot_stable,0,8,1509.9689269771516,7489.445877806672,0
114,host_contention,change_aware,7,2,633.4457041628441,5036.674386647844,0
114,host_contention,phase_oracle,7,2,633.4457041628441,5036.674386647844,0
115,host_contention,one_shot_stable,0,8,1508.4708432816708,7482.0153826770875,0
115,host_contention,change_aware,7,2,632.8172444214384,5031.677356812807,0
115,host_contention,phase_oracle,7,2,632.8172444214384,5031.677356812807,0
116,host_contention,one_shot_stable,0,8,1523.0694824268037,7554.424632836946,0
116,host_contention,change_aware,7,2,638.9415063766965,5080.3727905721,0
116,host_contention,phase_oracle,7,2,638.9415063766965,5080.3727905721,0
117,host_contention,one_shot_stable,0,8,1505.7590713260156,7468.564993777038,0
117,host_contention,change_aware,7,2,631.6796314114688,5022.631930706707,0
117,host_contention,phase_oracle,7,2,631.6796314114688,5022.631930706707,0
118,host_contention,one_shot_stable,0,8,1523.2370275266378,7555.255656532124,0
118,host_contention,change_aware,7,2,639.0117930705795,5080.931656451963,0
118,host_contention,phase_oracle,7,2,639.0117930705795,5080.931656451963,0
119,host_contention,one_shot_stable,0,8,1529.2157867265764,7584.910302163819,0
119,host_contention,change_aware,7,2,641.5199369560349,5100.874492882745,0
119,host_contention,phase_oracle,7,2,641.5199369560349,5100.874492882745,0
120,host_contention,one_shot_stable,0,8,1525.7514208610417,7567.727047470767,0
120,host_contention,change_aware,7,2,640.0666039529746,5089.318703548822,0
120,host_contention,phase_oracle,7,2,640.0666039529746,5089.318703548822,0
121,host_contention,one_shot_stable,0,8,1532.6460729611167,7601.924521887139,0
121,host_contention,change_aware,7,2,642.9589732438004,5112.316605702223,0
121,host_contention,phase_oracle,7,2,642.9589732438004,5112.316605702223,0
122,host_contention,one_shot_stable,0,8,1523.8093667348635,7558.094459004923,0
122,host_contention,change_aware,7,2,639.2518945761783,5082.8407594666305,0
122,host_contention,phase_oracle,7,2,639.2518945761783,5082.8407594666305,0
123,host_contention,one_shot_stable,0,8,1500.0436652190067,7440.216579486273,0
123,host_contention,change_aware,7,2,629.2819665447629,5003.5675386956145,0
123,host_contention,phase_oracle,7,2,629.2819665447629,5003.5675386956145,0
124,host_contention,one_shot_stable,0,8,1526.0982470097351,7569.447305168286,0
124,host_contention,change_aware,7,2,640.2121006781431,5090.475581911373,0
124,host_contention,phase_oracle,7,2,640.2121006781431,5090.475581911373,0
125,host_contention,one_shot_stable,0,8,1513.0033826394765,7504.4967778918035,0
125,host_contention,change_aware,7,2,634.7186859238797,5046.796161234588,0
125,host_contention,phase_oracle,7,2,634.7186859238797,5046.796161234588,0
126,host_contention,one_shot_stable,0,8,1512.8117141374778,7503.54610212189,0
126,host_contention,change_aware,7,2,634.6382792432883,5046.156828982449,0
126,host_contention,phase_oracle,7,2,634.6382792432883,5046.156828982449,0
127,host_contention,one_shot_stable,0,8,1515.9864489643319,7519.292786863086,0
127,host_contention,change_aware,7,2,635.9701093902521,5056.746520797383,0
127,host_contention,phase_oracle,7,2,635.9701093902521,5056.746520797383,0
128,host_contention,one_shot_stable,0,8,1513.6937772273927,7507.921135047868,0
128,host_contention,change_aware,7,2,635.0083127354515,5049.099051496442,0
128,host_contention,phase_oracle,7,2,635.0083127354515,5049.099051496442,0
129,host_contention,one_shot_stable,0,8,1525.2694449782346,7565.336447092043,0
129,host_contention,change_aware,7,2,639.8644106846102,5087.711017761026,0
129,host_contention,phase_oracle,7,2,639.8644106846102,5087.711017761026,0
130,host_contention,one_shot_stable,0,8,1497.9090020882693,7429.628650357816,0
130,host_contention,change_aware,7,2,628.3864559379933,4996.447125207219,0
130,host_contention,phase_oracle,7,2,628.3864559379933,4996.447125207219,0
131,host_contention,one_shot_stable,0,8,1526.1540415818154,7569.724046245804,0
131,host_contention,change_aware,7,2,640.2355070088088,5090.661691100172,0
131,host_contention,phase_oracle,7,2,640.2355070088088,5090.661691100172,0
132,host_contention,one_shot_stable,0,8,1505.9208137512305,7469.367236206103,0
132,host_contention,change_aware,7,2,631.7474838305503,5023.171441100439,0
132,host_contention,phase_oracle,7,2,631.7474838305503,5023.171441100439,0
133,host_contention,one_shot_stable,0,8,1522.7541804982761,7552.86073527145,0
133,host_contention,change_aware,7,2,638.8092343487284,5079.321064858343,0
133,host_contention,phase_oracle,7,2,638.8092343487284,5079.321064858343,0
134,host_contention,one_shot_stable,0,8,1522.9054859500347,7553.611210312172,0
134,host_contention,change_aware,7,2,638.8727083624783,5079.825761531114,0
134,host_contention,phase_oracle,7,2,638.8727083624783,5079.825761531114,0
135,host_contention,one_shot_stable,0,8,1498.886812883412,7434.478591901723,0
135,host_contention,change_aware,7,2,628.7966564637136,4999.708725163943,0
135,host_contention,phase_oracle,7,2,628.7966564637136,4999.708725163943,0
136,host_contention,one_shot_stable,0,8,1505.4232109787454,7466.899126454577,0
136,host_contention,change_aware,7,2,631.538734939776,5021.511630031399,0
136,host_contention,phase_oracle,7,2,631.538734939776,5021.511630031399,0
137,host_contention,one_shot_stable,0,8,1506.3118218471593,7471.30663636191,0
137,host_contention,change_aware,7,2,631.9115152845981,5024.475693410901,0
137,host_contention,phase_oracle,7,2,631.9115152845981,5024.475693410901,0
138,host_contention,one_shot_stable,0,8,1503.8252148574122,7458.973065692765,0
138,host_contention,change_aware,7,2,630.8683610266162,5016.181330850744,0
138,host_contention,phase_oracle,7,2,630.8683610266162,5016.181330850744,0
139,host_contention,one_shot_stable,0,8,1511.7382509647912,7498.221724785364,0
139,host_contention,change_aware,7,2,634.1879516748419,5042.576169559408,0
139,host_contention,phase_oracle,7,2,634.1879516748419,5042.576169559408,0
140,host_contention,one_shot_stable,0,8,1517.565977492947,7527.127248365017,0
140,host_contention,change_aware,7,2,636.6327359802291,5062.015219206285,0
140,host_contention,phase_oracle,7,2,636.6327359802291,5062.015219206285,0
141,host_contention,one_shot_stable,0,8,1517.1257725368525,7524.943831782789,0
141,host_contention,change_aware,7,2,636.4480659956968,5060.546865131162,0
141,host_contention,phase_oracle,7,2,636.4480659956968,5060.546865131162,0
142,host_contention,one_shot_stable,0,8,1489.6476829935295,7388.6525076479065,0
142,host_contention,change_aware,7,2,624.9207574075224,4968.890548683687,0
142,host_contention,phase_oracle,7,2,624.9207574075224,4968.890548683687,0
143,host_contention,one_shot_stable,0,8,1509.8227948509748,7488.721062460835,0
143,host_contention,change_aware,7,2,633.3844004062482,5036.186946195375,0
143,host_contention,phase_oracle,7,2,633.3844004062482,5036.186946195375,0
144,host_contention,one_shot_stable,0,8,1502.5650244571866,7452.722521307645,0
144,host_contention,change_aware,7,2,630.3396996871751,5011.977821362756,0
144,host_contention,phase_oracle,7,2,630.3396996871751,5011.977821362756,0
145,host_contention,one_shot_stable,0,8,1507.606636399099,7477.728916539531,0
145,host_contention,change_aware,7,2,632.4547017707305,5028.79469572459,0
145,host_contention,phase_oracle,7,2,632.4547017707305,5028.79469572459,0
146,host_contention,one_shot_stable,0,8,1522.207268238151,7550.148050461229,0
146,host_contention,change_aware,7,2,638.5797996792193,5077.496776342798,0
146,host_contention,phase_oracle,7,2,638.5797996792193,5077.496776342798,0
147,host_contention,one_shot_stable,0,8,1517.1117798032606,7524.874427824172,0
147,host_contention,change_aware,7,2,636.4421959166341,5060.500190764807,0
147,host_contention,phase_oracle,7,2,636.4421959166341,5060.500190764807,0
148,host_contention,one_shot_stable,0,8,1521.1453610071746,7544.880990595586,0
148,host_contention,change_aware,7,2,638.1343199334683,5073.954663087551,0
148,host_contention,phase_oracle,7,2,638.1343199334683,5073.954663087551,0
149,host_contention,one_shot_stable,0,8,1487.9307817060444,7380.13667726198,0
149,host_contention,change_aware,7,2,624.2005016952368,4963.163627695722,0
149,host_contention,phase_oracle,7,2,624.2005016952368,4963.163627695722,0
150,host_contention,one_shot_stable,0,8,1529.0088308306686,7583.883800920116,0
150,host_contention,change_aware,7,2,641.4331170745977,5100.184167776405,0
150,host_contention,phase_oracle,7,2,641.4331170745977,5100.184167776405,0
151,host_contention,one_shot_stable,0,8,1507.4743836127798,7477.072942719387,0
151,host_contention,change_aware,7,2,632.3992205234936,5028.35355140068,0
151,host_contention,phase_oracle,7,2,632.3992205234936,5028.35355140068,0
152,host_contention,one_shot_stable,0,8,1491.875237679927,7399.701178892438,0
152,host_contention,change_aware,7,2,625.8552368671171,4976.320812600638,0
152,host_contention,phase_oracle,7,2,625.8552368671171,4976.320812600638,0
153,host_contention,one_shot_stable,0,8,1542.4976120407819,7650.788155722278,0
153,host_contention,change_aware,7,2,647.0917835274524,5145.177543212337,0
153,host_contention,phase_oracle,7,2,647.0917835274524,5145.177543212337,0
154,host_contention,one_shot_stable,0,8,1521.5055481511254,7546.667518829582,0
154,host_contention,change_aware,7,2,638.2854217177196,5075.156108580849,0
154,host_contention,phase_oracle,7,2,638.2854217177196,5075.156108580849,0
155,host_contention,one_shot_stable,0,8,1511.7027124338972,7498.04545367213,0
155,host_contention,change_aware,7,2,634.1730429377646,5042.4576267171715,0
155,host_contention,phase_oracle,7,2,634.1730429377646,5042.4576267171715,0
156,host_contention,one_shot_stable,0,8,1524.083810425866,7559.455699712295,0
156,host_contention,change_aware,7,2,639.3670262017331,5083.756197847085,0
156,host_contention,phase_oracle,7,2,639.3670262017331,5083.756197847085,0
157,host_contention,one_shot_stable,0,8,1512.079366617541,7499.913658423003,0
157,host_contention,change_aware,7,2,634.3310527950017,5043.71399990836,0
157,host_contention,phase_oracle,7,2,634.3310527950017,5043.71399990836,0
158,host_contention,one_shot_stable,0,8,1523.1493962377333,7554.821005339157,0
158,host_contention,change_aware,7,2,638.975030947522,5080.639352245958,0
158,host_contention,phase_oracle,7,2,638.975030947522,5080.639352245958,0
159,host_contention,one_shot_stable,0,8,1510.7932488135755,7493.534514115334,0
159,host_contention,change_aware,7,2,633.7915146737768,5039.4240065941185,0
159,host_contention,phase_oracle,7,2,633.7915146737768,5039.4240065941185,0
160,network_congestion,one_shot_stable,0,8,674.5278990394283,3345.6583792355646,0
160,network_congestion,change_aware,7,2,1070.7450056733874,8513.743023695424,0
160,network_congestion,phase_oracle,0,8,674.5278990394283,3345.6583792355646,0
161,network_congestion,one_shot_stable,0,8,677.0211985862784,3358.0251449879406,0
161,network_congestion,change_aware,7,2,1074.7028672255028,8545.212903078036,0
161,network_congestion,phase_oracle,0,8,677.0211985862784,3358.0251449879406,0
162,network_congestion,one_shot_stable,0,8,671.9160249338119,3332.7034836717066,0
162,network_congestion,change_aware,0,8,2671.916024933812,13252.703483671707,1
162,network_congestion,phase_oracle,0,8,671.9160249338119,3332.7034836717066,0
163,network_congestion,one_shot_stable,0,8,682.639427929967,3385.8915625326367,0
163,network_congestion,change_aware,0,8,682.639427929967,3385.8915625326367,0
163,network_congestion,phase_oracle,0,8,682.639427929967,3385.8915625326367,0
164,network_congestion,one_shot_stable,0,8,662.4383212573916,3285.6940734366626,0
164,network_congestion,change_aware,0,8,662.4383212573916,3285.6940734366626,0
164,network_congestion,phase_oracle,0,8,662.4383212573916,3285.6940734366626,0
165,network_congestion,one_shot_stable,0,8,679.0719883553139,3368.197062242357,0
165,network_congestion,change_aware,0,8,679.0719883553139,3368.197062242357,0
165,network_congestion,phase_oracle,0,8,679.0719883553139,3368.197062242357,0
166,network_congestion,one_shot_stable,0,8,678.7855292802398,3366.776225229989,0
166,network_congestion,change_aware,0,8,678.7855292802398,3366.776225229989,0
166,network_congestion,phase_oracle,0,8,678.7855292802398,3366.776225229989,0
167,network_congestion,one_shot_stable,0,8,679.2979337132375,3369.317751217658,0
167,network_congestion,change_aware,0,8,679.2979337132375,3369.317751217658,0
167,network_congestion,phase_oracle,0,8,679.2979337132375,3369.317751217658,0
168,network_congestion,one_shot_stable,0,8,682.062311661341,3383.0290658402514,0
168,network_congestion,change_aware,0,8,682.062311661341,3383.0290658402514,0
168,network_congestion,phase_oracle,0,8,682.062311661341,3383.0290658402514,0
169,network_congestion,one_shot_stable,0,8,672.6711435386297,3336.4488719516035,0
169,network_congestion,change_aware,0,8,672.6711435386297,3336.4488719516035,0
169,network_congestion,phase_oracle,0,8,672.6711435386297,3336.4488719516035,0
170,network_congestion,one_shot_stable,0,8,686.2623080708032,3403.861048031184,0
170,network_congestion,change_aware,0,8,686.2623080708032,3403.861048031184,0
170,network_congestion,phase_oracle,0,8,686.2623080708032,3403.861048031184,0
171,network_congestion,one_shot_stable,0,8,672.864544120008,3337.4081388352397,0
171,network_congestion,change_aware,0,8,672.864544120008,3337.4081388352397,0
171,network_congestion,phase_oracle,0,8,672.864544120008,3337.4081388352397,0
172,network_congestion,one_shot_stable,0,8,677.4634578731601,3360.2187510508743,0
172,network_congestion,change_aware,0,8,677.4634578731601,3360.2187510508743,0
172,network_congestion,phase_oracle,0,8,677.4634578731601,3360.2187510508743,0
173,network_congestion,one_shot_stable,0,8,671.1983885729668,3329.144007321915,0
173,network_congestion,change_aware,0,8,671.1983885729668,3329.144007321915,0
173,network_congestion,phase_oracle,0,8,671.1983885729668,3329.144007321915,0
174,network_congestion,one_shot_stable,0,8,682.0846848120898,3383.1400366679654,0
174,network_congestion,change_aware,0,8,682.0846848120898,3383.1400366679654,0
174,network_congestion,phase_oracle,0,8,682.0846848120898,3383.1400366679654,0
175,network_congestion,one_shot_stable,0,8,669.1917215090422,3319.1909386848492,0
175,network_congestion,change_aware,0,8,669.1917215090422,3319.1909386848492,0
175,network_congestion,phase_oracle,0,8,669.1917215090422,3319.1909386848492,0
176,network_congestion,one_shot_stable,0,8,681.823628741318,3381.8451985569372,0
176,network_congestion,change_aware,0,8,681.823628741318,3381.8451985569372,0
176,network_congestion,phase_oracle,0,8,681.823628741318,3381.8451985569372,0
177,network_congestion,one_shot_stable,0,8,680.8548936839574,3377.0402726724283,0
177,network_congestion,change_aware,0,8,680.8548936839574,3377.0402726724283,0
177,network_congestion,phase_oracle,0,8,680.8548936839574,3377.0402726724283,0
178,network_congestion,one_shot_stable,0,8,677.8812484514963,3362.2909923194215,0
178,network_congestion,change_aware,0,8,677.8812484514963,3362.2909923194215,0
178,network_congestion,phase_oracle,0,8,677.8812484514963,3362.2909923194215,0
179,network_congestion,one_shot_stable,0,8,672.4219451539957,3335.2128479638186,0
179,network_congestion,change_aware,0,8,672.4219451539957,3335.2128479638186,0
179,network_congestion,phase_oracle,0,8,672.4219451539957,3335.2128479638186,0
180,network_congestion,one_shot_stable,0,8,679.2996142626046,3369.326086742519,0
180,network_congestion,change_aware,0,8,679.2996142626046,3369.326086742519,0
180,network_congestion,phase_oracle,0,8,679.2996142626046,3369.326086742519,0
181,network_congestion,one_shot_stable,0,8,675.798315985928,3351.9596472902026,0
181,network_congestion,change_aware,0,8,675.798315985928,3351.9596472902026,0
181,network_congestion,phase_oracle,0,8,675.798315985928,3351.9596472902026,0
182,network_congestion,one_shot_stable,0,8,678.5091393219907,3365.4053310370737,0
182,network_congestion,change_aware,0,8,678.5091393219907,3365.4053310370737,0
182,network_congestion,phase_oracle,0,8,678.5091393219907,3365.4053310370737,0
183,network_congestion,one_shot_stable,0,8,677.6015481238045,3360.90367869407,0
183,network_congestion,change_aware,0,8,677.6015481238045,3360.90367869407,0
183,network_congestion,phase_oracle,0,8,677.6015481238045,3360.90367869407,0
184,network_congestion,one_shot_stable,0,8,680.7413200365419,3376.4769473812476,0
184,network_congestion,change_aware,0,8,680.7413200365419,3376.4769473812476,0
184,network_congestion,phase_oracle,0,8,680.7413200365419,3376.4769473812476,0
185,network_congestion,one_shot_stable,0,8,671.9999532112748,3333.119767927923,0
185,network_congestion,change_aware,0,8,671.9999532112748,3333.119767927923,0
185,network_congestion,phase_oracle,0,8,671.9999532112748,3333.119767927923,0
186,network_congestion,one_shot_stable,0,8,676.4687025189754,3355.284764494118,0
186,network_congestion,change_aware,0,8,676.4687025189754,3355.284764494118,0
186,network_congestion,phase_oracle,0,8,676.4687025189754,3355.284764494118,0
187,network_congestion,one_shot_stable,0,8,677.3202041553388,3359.5082126104808,0
187,network_congestion,change_aware,0,8,677.3202041553388,3359.5082126104808,0
187,network_congestion,phase_oracle,0,8,677.3202041553388,3359.5082126104808,0
188,network_congestion,one_shot_stable,0,8,677.4223502611243,3360.0148572951766,0
188,network_congestion,change_aware,0,8,677.4223502611243,3360.0148572951766,0
188,network_congestion,phase_oracle,0,8,677.4223502611243,3360.0148572951766,0
189,network_congestion,one_shot_stable,0,8,669.6602525115117,3321.5148524570977,0
189,network_congestion,change_aware,0,8,669.6602525115117,3321.5148524570977,0
189,network_congestion,phase_oracle,0,8,669.6602525115117,3321.5148524570977,0
190,network_congestion,one_shot_stable,0,8,682.1729130261274,3383.577648609592,0
190,network_congestion,change_aware,0,8,682.1729130261274,3383.577648609592,0
190,network_congestion,phase_oracle,0,8,682.1729130261274,3383.577648609592,0
191,network_congestion,one_shot_stable,0,8,675.446433637837,3350.2143108436717,0
191,network_congestion,change_aware,0,8,675.446433637837,3350.2143108436717,0
191,network_congestion,phase_oracle,0,8,675.446433637837,3350.2143108436717,0
192,network_congestion,one_shot_stable,0,8,671.2444414177405,3329.372429431993,0
192,network_congestion,change_aware,0,8,671.2444414177405,3329.372429431993,0
192,network_congestion,phase_oracle,0,8,671.2444414177405,3329.372429431993,0
193,network_congestion,one_shot_stable,0,8,676.7929684099358,3356.8931233132816,0
193,network_congestion,change_aware,0,8,676.7929684099358,3356.8931233132816,0
193,network_congestion,phase_oracle,0,8,676.7929684099358,3356.8931233132816,0
194,network_congestion,one_shot_stable,0,8,680.474536189898,3375.153699501894,0
194,network_congestion,change_aware,0,8,680.474536189898,3375.153699501894,0
194,network_congestion,phase_oracle,0,8,680.474536189898,3375.153699501894,0
195,network_congestion,one_shot_stable,0,8,662.2457028381818,3284.7386860773818,0
195,network_congestion,change_aware,0,8,662.2457028381818,3284.7386860773818,0
195,network_congestion,phase_oracle,0,8,662.2457028381818,3284.7386860773818,0
196,network_congestion,one_shot_stable,0,8,685.0108764759925,3397.6539473209227,0
196,network_congestion,change_aware,0,8,685.0108764759925,3397.6539473209227,0
196,network_congestion,phase_oracle,0,8,685.0108764759925,3397.6539473209227,0
197,network_congestion,one_shot_stable,0,8,669.0596266931433,3318.5357483979906,0
197,network_congestion,change_aware,0,8,669.0596266931433,3318.5357483979906,0
197,network_congestion,phase_oracle,0,8,669.0596266931433,3318.5357483979906,0
198,network_congestion,one_shot_stable,0,8,679.2895691920688,3369.276263192661,0
198,network_congestion,change_aware,0,8,679.2895691920688,3369.276263192661,0
198,network_congestion,phase_oracle,0,8,679.2895691920688,3369.276263192661,0
199,network_congestion,one_shot_stable,0,8,677.4270026643055,3360.0379332149555,0
199,network_congestion,change_aware,0,8,677.4270026643055,3360.0379332149555,0
199,network_congestion,phase_oracle,0,8,677.4270026643055,3360.0379332149555,0
200,network_congestion,one_shot_stable,0,8,680.2940137714695,3374.2583083064887,0
200,network_congestion,change_aware,0,8,680.2940137714695,3374.2583083064887,0
200,network_congestion,phase_oracle,0,8,680.2940137714695,3374.2583083064887,0
201,network_congestion,one_shot_stable,0,8,679.6996091712746,3371.310061489522,0
201,network_congestion,change_aware,0,8,679.6996091712746,3371.310061489522,0
201,network_congestion,phase_oracle,0,8,679.6996091712746,3371.310061489522,0
202,network_congestion,one_shot_stable,0,8,681.7270620585057,3381.3662278101883,0
202,network_congestion,change_aware,0,8,681.7270620585057,3381.3662278101883,0
202,network_congestion,phase_oracle,0,8,681.7270620585057,3381.3662278101883,0
203,network_congestion,one_shot_stable,0,8,670.6105276373337,3326.228217081175,0
203,network_congestion,change_aware,0,8,670.6105276373337,3326.228217081175,0
203,network_congestion,phase_oracle,0,8,670.6105276373337,3326.228217081175,0
204,network_congestion,one_shot_stable,0,8,680.4203338124545,3374.8848557097745,0
204,network_congestion,change_aware,0,8,680.4203338124545,3374.8848557097745,0
204,network_congestion,phase_oracle,0,8,680.4203338124545,3374.8848557097745,0
205,network_congestion,one_shot_stable,0,8,682.2550244545479,3383.9849212945574,0
205,network_congestion,change_aware,0,8,682.2550244545479,3383.9849212945574,0
205,network_congestion,phase_oracle,0,8,682.2550244545479,3383.9849212945574,0
206,network_congestion,one_shot_stable,0,8,681.385842302729,3379.6737778215356,0
206,network_congestion,change_aware,0,8,681.385842302729,3379.6737778215356,0
206,network_congestion,phase_oracle,0,8,681.385842302729,3379.6737778215356,0
207,network_congestion,one_shot_stable,0,8,690.25097861748,3423.6448539427006,0
207,network_congestion,change_aware,0,8,690.25097861748,3423.6448539427006,0
207,network_congestion,phase_oracle,0,8,690.25097861748,3423.6448539427006,0
208,network_congestion,one_shot_stable,0,8,675.3047311977284,3349.511466740733,0
208,network_congestion,change_aware,0,8,675.3047311977284,3349.511466740733,0
208,network_congestion,phase_oracle,0,8,675.3047311977284,3349.511466740733,0
209,network_congestion,one_shot_stable,0,8,690.5152136049727,3424.9554594806646,0
209,network_congestion,change_aware,0,8,690.5152136049727,3424.9554594806646,0
209,network_congestion,phase_oracle,0,8,690.5152136049727,3424.9554594806646,0
210,network_congestion,one_shot_stable,0,8,681.2012322294139,3378.758111857893,0
210,network_congestion,change_aware,0,8,681.2012322294139,3378.758111857893,0
210,network_congestion,phase_oracle,0,8,681.2012322294139,3378.758111857893,0
211,network_congestion,one_shot_stable,0,8,676.5062246427402,3355.4708742279913,0
211,network_congestion,change_aware,0,8,676.5062246427402,3355.4708742279913,0
211,network_congestion,phase_oracle,0,8,676.5062246427402,3355.4708742279913,0
212,network_congestion,one_shot_stable,0,8,677.4854912054394,3360.3280363789795,0
212,network_congestion,change_aware,0,8,677.4854912054394,3360.3280363789795,0
212,network_congestion,phase_oracle,0,8,677.4854912054394,3360.3280363789795,0
213,network_congestion,one_shot_stable,0,8,682.5841429939073,3385.6173492497805,0
213,network_congestion,change_aware,0,8,682.5841429939073,3385.6173492497805,0
213,network_congestion,phase_oracle,0,8,682.5841429939073,3385.6173492497805,0
214,network_congestion,one_shot_stable,0,8,676.6024172336198,3355.947989478754,0
214,network_congestion,change_aware,0,8,676.6024172336198,3355.947989478754,0
214,network_congestion,phase_oracle,0,8,676.6024172336198,3355.947989478754,0
215,network_congestion,one_shot_stable,0,8,679.3920892383045,3369.7847626219905,0
215,network_congestion,change_aware,0,8,679.3920892383045,3369.7847626219905,0
215,network_congestion,phase_oracle,0,8,679.3920892383045,3369.7847626219905,0
216,network_congestion,one_shot_stable,0,8,676.7693694836398,3356.7760726388533,0
216,network_congestion,change_aware,0,8,676.7693694836398,3356.7760726388533,0
216,network_congestion,phase_oracle,0,8,676.7693694836398,3356.7760726388533,0
217,network_congestion,one_shot_stable,0,8,680.1839275644807,3373.712280719824,0
217,network_congestion,change_aware,0,8,680.1839275644807,3373.712280719824,0
217,network_congestion,phase_oracle,0,8,680.1839275644807,3373.712280719824,0
218,network_congestion,one_shot_stable,0,8,673.0683006197789,3338.4187710741035,0
218,network_congestion,change_aware,0,8,673.0683006197789,3338.4187710741035,0
218,network_congestion,phase_oracle,0,8,673.0683006197789,3338.4187710741035,0
219,network_congestion,one_shot_stable,0,8,668.5479466612517,3315.997815439808,0
219,network_congestion,change_aware,0,8,668.5479466612517,3315.997815439808,0
219,network_congestion,phase_oracle,0,8,668.5479466612517,3315.997815439808,0
220,network_congestion,one_shot_stable,0,8,665.5992210432008,3301.372136374276,0
220,network_congestion,change_aware,0,8,665.5992210432008,3301.372136374276,0
220,network_congestion,phase_oracle,0,8,665.5992210432008,3301.372136374276,0
221,network_congestion,one_shot_stable,0,8,679.5468245025008,3370.552249532404,0
221,network_congestion,change_aware,0,8,679.5468245025008,3370.552249532404,0
221,network_congestion,phase_oracle,0,8,679.5468245025008,3370.552249532404,0
222,network_congestion,one_shot_stable,0,8,676.1755767290584,3353.83086057613,0
222,network_congestion,change_aware,0,8,676.1755767290584,3353.83086057613,0
222,network_congestion,phase_oracle,0,8,676.1755767290584,3353.83086057613,0
223,network_congestion,one_shot_stable,0,8,668.8030665772795,3317.2632102233065,0
223,network_congestion,change_aware,0,8,668.8030665772795,3317.2632102233065,0
223,network_congestion,phase_oracle,0,8,668.8030665772795,3317.2632102233065,0
224,network_congestion,one_shot_stable,0,8,679.2628919337028,3369.143943991166,0
224,network_congestion,change_aware,0,8,679.2628919337028,3369.143943991166,0
224,network_congestion,phase_oracle,0,8,679.2628919337028,3369.143943991166,0
225,network_congestion,one_shot_stable,0,8,671.6956415604135,3331.610382139651,0
225,network_congestion,change_aware,0,8,671.6956415604135,3331.610382139651,0
225,network_congestion,phase_oracle,0,8,671.6956415604135,3331.610382139651,0
226,network_congestion,one_shot_stable,0,8,666.6237914467257,3306.4540055757593,0
226,network_congestion,change_aware,0,8,666.6237914467257,3306.4540055757593,0
226,network_congestion,phase_oracle,0,8,666.6237914467257,3306.4540055757593,0
227,network_congestion,one_shot_stable,0,8,681.5313461676573,3380.39547699158,0
227,network_congestion,change_aware,0,8,681.5313461676573,3380.39547699158,0
227,network_congestion,phase_oracle,0,8,681.5313461676573,3380.39547699158,0
228,network_congestion,one_shot_stable,0,8,676.1885071483704,3353.894995455917,0
228,network_congestion,change_aware,0,8,676.1885071483704,3353.894995455917,0
228,network_congestion,phase_oracle,0,8,676.1885071483704,3353.894995455917,0
229,network_congestion,one_shot_stable,0,8,666.9348573556747,3307.9968924841464,0
229,network_congestion,change_aware,0,8,666.9348573556747,3307.9968924841464,0
229,network_congestion,phase_oracle,0,8,666.9348573556747,3307.9968924841464,0
230,network_congestion,one_shot_stable,0,8,670.7065806919808,3326.704640232225,0
230,network_congestion,change_aware,0,8,670.7065806919808,3326.704640232225,0
230,network_congestion,phase_oracle,0,8,670.7065806919808,3326.704640232225,0
231,network_congestion,one_shot_stable,0,8,668.8786387635098,3317.638048267009,0
231,network_congestion,change_aware,0,8,668.8786387635098,3317.638048267009,0
231,network_congestion,phase_oracle,0,8,668.8786387635098,3317.638048267009,0
232,network_congestion,one_shot_stable,0,8,677.8214959824033,3361.9946200727204,0
232,network_congestion,change_aware,0,8,677.8214959824033,3361.9946200727204,0
232,network_congestion,phase_oracle,0,8,677.8214959824033,3361.9946200727204,0
233,network_congestion,one_shot_stable,0,8,680.2696917006095,3374.1376708350235,0
233,network_congestion,change_aware,0,8,680.2696917006095,3374.1376708350235,0
233,network_congestion,phase_oracle,0,8,680.2696917006095,3374.1376708350235,0
234,network_congestion,one_shot_stable,0,8,682.7715880005987,3386.5470764829697,0
234,network_congestion,change_aware,0,8,682.7715880005987,3386.5470764829697,0
234,network_congestion,phase_oracle,0,8,682.7715880005987,3386.5470764829697,0
235,network_congestion,one_shot_stable,0,8,673.7353871446965,3341.7275202376945,0
235,network_congestion,change_aware,0,8,673.7353871446965,3341.7275202376945,0
235,network_congestion,phase_oracle,0,8,673.7353871446965,3341.7275202376945,0
236,network_congestion,one_shot_stable,0,8,670.6441896769834,3326.3951807978374,0
236,network_congestion,change_aware,0,8,670.6441896769834,3326.3951807978374,0
236,network_congestion,phase_oracle,0,8,670.6441896769834,3326.3951807978374,0
237,network_congestion,one_shot_stable,0,8,676.500228270387,3355.4411322211195,0
237,network_congestion,change_aware,0,8,676.500228270387,3355.4411322211195,0
237,network_congestion,phase_oracle,0,8,676.500228270387,3355.4411322211195,0
238,network_congestion,one_shot_stable,0,8,667.8825596515663,3312.697495871769,0
238,network_congestion,change_aware,0,8,667.8825596515663,3312.697495871769,0
238,network_congestion,phase_oracle,0,8,667.8825596515663,3312.697495871769,0
239,network_congestion,one_shot_stable,0,8,676.345540711124,3354.6738819271754,0
239,network_congestion,change_aware,0,8,676.345540711124,3354.6738819271754,0
239,network_congestion,phase_oracle,0,8,676.345540711124,3354.6738819271754,0
240,augmentation_heavy,one_shot_stable,0,8,1298.8410542874053,6442.25162926553,0
240,augmentation_heavy,change_aware,0,8,1298.8410542874053,6442.25162926553,0
240,augmentation_heavy,phase_oracle,5,7,733.25762357283,5203.632385158827,0
241,augmentation_heavy,one_shot_stable,0,8,1294.1692288503675,6419.079375097823,0
241,augmentation_heavy,change_aware,0,8,1294.1692288503675,6419.079375097823,0
241,augmentation_heavy,phase_oracle,5,7,730.6201556498677,5184.915343484073,0
242,augmentation_heavy,one_shot_stable,0,8,1305.7736334459184,6476.637221891756,0
242,augmentation_heavy,change_aware,5,7,2737.1713946245086,19424.596833235315,1
242,augmentation_heavy,phase_oracle,5,7,737.1713946245087,5231.406833235315,0
243,augmentation_heavy,one_shot_stable,0,8,1295.0826471704486,6423.609929965425,0
243,augmentation_heavy,change_aware,5,7,731.1358237868577,5188.574831406695,0
243,augmentation_heavy,phase_oracle,5,7,731.1358237868577,5188.574831406695,0
244,augmentation_heavy,one_shot_stable,0,8,1273.7333217524629,6317.717275892216,0
244,augmentation_heavy,change_aware,5,7,719.0831129727051,5103.041624106534,0
244,augmentation_heavy,phase_oracle,5,7,719.0831129727051,5103.041624106534,0
245,augmentation_heavy,one_shot_stable,0,8,1302.4721671080833,6460.261948856093,0
245,augmentation_heavy,change_aware,5,7,735.307559667032,5218.179951395261,0
245,augmentation_heavy,phase_oracle,5,7,735.307559667032,5218.179951395261,0
246,augmentation_heavy,one_shot_stable,0,8,1304.1616929867685,6468.641997214371,0
246,augmentation_heavy,change_aware,5,7,736.2613774776718,5224.9488101011575,0
246,augmentation_heavy,phase_oracle,5,7,736.2613774776718,5224.9488101011575,0
247,augmentation_heavy,one_shot_stable,0,8,1287.734146973965,6387.161368990866,0
247,augmentation_heavy,change_aware,5,7,726.987245503848,5159.13405150638,0
247,augmentation_heavy,phase_oracle,5,7,726.987245503848,5159.13405150638,0
248,augmentation_heavy,one_shot_stable,0,8,1298.8142949879546,6442.118903140255,0
248,augmentation_heavy,change_aware,5,7,733.2425166740612,5203.52517761656,0
248,augmentation_heavy,phase_oracle,5,7,733.2425166740612,5203.52517761656,0
249,augmentation_heavy,one_shot_stable,0,8,1308.4572358958558,6489.947890043444,0
249,augmentation_heavy,change_aware,5,7,738.6864159957224,5242.158326323163,0
249,augmentation_heavy,phase_oracle,5,7,738.6864159957224,5242.158326323163,0
250,augmentation_heavy,one_shot_stable,0,8,1293.2157426106428,6414.350083348788,0
250,augmentation_heavy,change_aware,5,7,730.0818672642781,5181.09532881834,0
250,augmentation_heavy,phase_oracle,5,7,730.0818672642781,5181.09532881834,0
251,augmentation_heavy,one_shot_stable,0,8,1301.4017996619457,6454.952926323251,0
251,augmentation_heavy,change_aware,5,7,734.7032862747537,5213.891667860986,0
251,augmentation_heavy,phase_oracle,5,7,734.7032862747537,5213.891667860986,0
252,augmentation_heavy,one_shot_stable,0,8,1305.1492512350962,6473.540286126077,0
252,augmentation_heavy,change_aware,5,7,736.8189011345644,5228.905329697044,0
252,augmentation_heavy,phase_oracle,5,7,736.8189011345644,5228.905329697044,0
253,augmentation_heavy,one_shot_stable,0,8,1287.9749251251035,6388.355628620513,0
253,augmentation_heavy,change_aware,5,7,727.1231762355796,5160.0986968575335,0
253,augmentation_heavy,phase_oracle,5,7,727.1231762355796,5160.0986968575335,0
254,augmentation_heavy,one_shot_stable,0,8,1294.3709032133313,6420.079679938123,0
254,augmentation_heavy,change_aware,5,7,730.7340104311239,5185.723324755461,0
254,augmentation_heavy,phase_oracle,5,7,730.7340104311239,5185.723324755461,0
255,augmentation_heavy,one_shot_stable,0,8,1300.875643799692,6452.343193246472,0
255,augmentation_heavy,change_aware,5,7,734.4062462359348,5211.783695006703,0
255,augmentation_heavy,phase_oracle,5,7,734.4062462359348,5211.783695006703,0
256,augmentation_heavy,one_shot_stable,0,8,1303.1816342202421,6463.780905732401,0
256,augmentation_heavy,change_aware,5,7,735.7080876353676,5221.022336172711,0
256,augmentation_heavy,phase_oracle,5,7,735.7080876353676,5221.022336172711,0
257,augmentation_heavy,one_shot_stable,0,8,1297.7812387014535,6436.994943959209,0
257,augmentation_heavy,change_aware,5,7,732.6593072080867,5199.386376236372,0
257,augmentation_heavy,phase_oracle,5,7,732.6593072080867,5199.386376236372,0
258,augmentation_heavy,one_shot_stable,0,8,1298.7346003251325,6441.723617612657,0
258,augmentation_heavy,change_aware,5,7,733.1975252419846,5203.205891644642,0
258,augmentation_heavy,phase_oracle,5,7,733.1975252419846,5203.205891644642,0
259,augmentation_heavy,one_shot_stable,0,8,1303.3506356970609,6464.6191530574215,0
259,augmentation_heavy,change_aware,5,7,735.803497016572,5221.699417910319,0
259,augmentation_heavy,phase_oracle,5,7,735.803497016572,5221.699417910319,0
260,augmentation_heavy,one_shot_stable,0,8,1277.334146897759,6335.577368612884,0
260,augmentation_heavy,change_aware,5,7,721.1159502319106,5117.467846836025,0
260,augmentation_heavy,phase_oracle,5,7,721.1159502319106,5117.467846836025,0
261,augmentation_heavy,one_shot_stable,0,8,1304.6566558156712,6471.097012845729,0
261,augmentation_heavy,change_aware,5,7,736.5408075638089,5226.931812253289,0
261,augmentation_heavy,phase_oracle,5,7,736.5408075638089,5226.931812253289,0
262,augmentation_heavy,one_shot_stable,0,8,1326.422136789672,6579.053798476773,0
262,augmentation_heavy,change_aware,5,7,748.8284580058962,5314.1322909423525,0
262,augmentation_heavy,phase_oracle,5,7,748.8284580058962,5314.1322909423525,0
263,augmentation_heavy,one_shot_stable,0,8,1315.4150124829266,6524.458461915316,0
263,augmentation_heavy,change_aware,5,7,742.6144121956772,5270.033724515782,0
263,augmentation_heavy,phase_oracle,5,7,742.6144121956772,5270.033724515782,0
264,augmentation_heavy,one_shot_stable,0,8,1311.9518273858757,6507.281063833943,0
264,augmentation_heavy,change_aware,5,7,740.6592792978728,5256.158938168887,0
264,augmentation_heavy,phase_oracle,5,7,740.6592792978728,5256.158938168887,0
265,augmentation_heavy,one_shot_stable,0,8,1300.4575752982685,6450.2695734794115,0
265,augmentation_heavy,change_aware,5,7,734.1702266592264,5210.108759658732,0
265,augmentation_heavy,phase_oracle,5,7,734.1702266592264,5210.108759658732,0
266,augmentation_heavy,one_shot_stable,0,8,1290.852782978661,6402.629803574158,0
266,augmentation_heavy,change_aware,5,7,728.7478640322229,5171.628448151752,0
266,augmentation_heavy,phase_oracle,5,7,728.7478640322229,5171.628448151752,0
267,augmentation_heavy,one_shot_stable,0,8,1291.4875201377502,6405.77809988324,0
267,augmentation_heavy,change_aware,5,7,729.1062033835474,5174.171437400665,0
267,augmentation_heavy,phase_oracle,5,7,729.1062033835474,5174.171437400665,0
268,augmentation_heavy,one_shot_stable,0,8,1324.1747704155223,6567.906861260991,0
268,augmentation_heavy,change_aware,5,7,747.5597126722258,5305.128519151154,0
268,augmentation_heavy,phase_oracle,5,7,747.5597126722258,5305.128519151154,0
269,augmentation_heavy,one_shot_stable,0,8,1302.2865076569597,6459.34107797852,0
269,augmentation_heavy,change_aware,5,7,735.2027460661104,5217.436131719029,0
269,augmentation_heavy,phase_oracle,5,7,735.2027460661104,5217.436131719029,0
270,augmentation_heavy,one_shot_stable,0,8,1302.3566893400975,6459.689179126884,0
270,augmentation_heavy,change_aware,5,7,735.2423669681646,5217.717305214442,0
270,augmentation_heavy,phase_oracle,5,7,735.2423669681646,5217.717305214442,0
271,augmentation_heavy,one_shot_stable,0,8,1304.7724984438885,6471.671592281687,0
271,augmentation_heavy,change_aware,5,7,736.6062062436511,5227.395920197663,0
271,augmentation_heavy,phase_oracle,5,7,736.6062062436511,5227.395920197663,0
272,augmentation_heavy,one_shot_stable,0,8,1309.479885622487,6495.020232687536,0
272,augmentation_heavy,change_aware,5,7,739.2637504631091,5246.255435217748,0
272,augmentation_heavy,phase_oracle,5,7,739.2637504631091,5246.255435217748,0
273,augmentation_heavy,one_shot_stable,0,8,1320.3386049388337,6548.879480496615,0
273,augmentation_heavy,change_aware,5,7,745.3940145894746,5289.759436965593,0
273,augmentation_heavy,phase_oracle,5,7,745.3940145894746,5289.759436965593,0
274,augmentation_heavy,one_shot_stable,0,8,1302.273308499121,6459.27561015564,0
274,augmentation_heavy,change_aware,5,7,735.1952945129907,5217.383251064417,0
274,augmentation_heavy,phase_oracle,5,7,735.1952945129907,5217.383251064417,0
275,augmentation_heavy,one_shot_stable,0,8,1297.619713393724,6436.193778432871,0
275,augmentation_heavy,change_aware,5,7,732.5681184803348,5198.7392467669515,0
275,augmentation_heavy,phase_oracle,5,7,732.5681184803348,5198.7392467669515,0
276,augmentation_heavy,one_shot_stable,0,8,1294.7401273667863,6421.91103173926,0
276,augmentation_heavy,change_aware,5,7,730.9424550475259,5187.202571777997,0
276,augmentation_heavy,phase_oracle,5,7,730.9424550475259,5187.202571777997,0
277,augmentation_heavy,one_shot_stable,0,8,1297.0865302322186,6433.549189951804,0
277,augmentation_heavy,change_aware,5,7,732.2671111964612,5196.6031199812505,0
277,augmentation_heavy,phase_oracle,5,7,732.2671111964612,5196.6031199812505,0
278,augmentation_heavy,one_shot_stable,0,8,1309.5694250699476,6495.46434834694,0
278,augmentation_heavy,change_aware,5,7,739.3142997449048,5246.614162998193,0
278,augmentation_heavy,phase_oracle,5,7,739.3142997449048,5246.614162998193,0
279,augmentation_heavy,one_shot_stable,0,8,1301.9779189303192,6457.810477894383,0
279,augmentation_heavy,change_aware,5,7,735.028533035493,5216.199812397014,0
279,augmentation_heavy,phase_oracle,5,7,735.028533035493,5216.199812397014,0
280,augmentation_heavy,one_shot_stable,0,8,1310.536277329265,6500.259935553154,0
280,augmentation_heavy,change_aware,5,7,739.8601338850199,5250.487726827762,0
280,augmentation_heavy,phase_oracle,5,7,739.8601338850199,5250.487726827762,0
281,augmentation_heavy,one_shot_stable,0,8,1305.319088607266,6474.382679492039,0
281,augmentation_heavy,change_aware,5,7,736.9147824184981,5229.5857603372015,0
281,augmentation_heavy,phase_oracle,5,7,736.9147824184981,5229.5857603372015,0
282,augmentation_heavy,one_shot_stable,0,8,1313.8710701277573,6516.800507833676,0
282,augmentation_heavy,change_aware,5,7,741.7427832164824,5263.848126660173,0
282,augmentation_heavy,phase_oracle,5,7,741.7427832164824,5263.848126660173,0
283,augmentation_heavy,one_shot_stable,0,8,1325.8706269259915,6576.3183095529175,0
283,augmentation_heavy,change_aware,5,7,748.5171044259607,5311.922740683751,0
283,augmentation_heavy,phase_oracle,5,7,748.5171044259607,5311.922740683751,0
284,augmentation_heavy,one_shot_stable,0,8,1310.2704649873351,6498.941506337183,0
284,augmentation_heavy,change_aware,5,7,739.7100701605045,5249.422785350685,0
284,augmentation_heavy,phase_oracle,5,7,739.7100701605045,5249.422785350685,0
285,augmentation_heavy,one_shot_stable,0,8,1301.618099918624,6456.025775596375,0
285,augmentation_heavy,change_aware,5,7,734.8253980694699,5214.758245812809,0
285,augmentation_heavy,phase_oracle,5,7,734.8253980694699,5214.758245812809,0
286,augmentation_heavy,one_shot_stable,0,8,1320.6944970204772,6550.644705221567,0
286,augmentation_heavy,change_aware,5,7,745.5949326164902,5291.185270831521,0
286,augmentation_heavy,phase_oracle,5,7,745.5949326164902,5291.185270831521,0
287,augmentation_heavy,one_shot_stable,0,8,1289.4239496647879,6395.5427903373475,0
287,augmentation_heavy,change_aware,5,7,727.941219588121,5165.904019222961,0
287,augmentation_heavy,phase_oracle,5,7,727.941219588121,5165.904019222961,0
288,augmentation_heavy,one_shot_stable,0,8,1285.1972738498241,6374.578478295128,0
288,augmentation_heavy,change_aware,5,7,725.5550598240277,5148.970409771896,0
288,augmentation_heavy,phase_oracle,5,7,725.5550598240277,5148.970409771896,0
289,augmentation_heavy,one_shot_stable,0,8,1297.2963622899092,6434.58995695795,0
289,augmentation_heavy,change_aware,5,7,732.3855713848451,5197.443783961835,0
289,augmentation_heavy,phase_oracle,5,7,732.3855713848451,5197.443783961835,0
290,augmentation_heavy,one_shot_stable,0,8,1298.8254049004022,6442.174008305995,0
290,augmentation_heavy,change_aware,5,7,733.2487887486717,5203.56968798988,0
290,augmentation_heavy,phase_oracle,5,7,733.2487887486717,5203.56968798988,0
291,augmentation_heavy,one_shot_stable,0,8,1290.748170106944,6402.110923730442,0
291,augmentation_heavy,change_aware,5,7,728.6888050846655,5171.209330719812,0
291,augmentation_heavy,phase_oracle,5,7,728.6888050846655,5171.209330719812,0
292,augmentation_heavy,one_shot_stable,0,8,1287.1042297159624,6384.036979391174,0
292,augmentation_heavy,change_aware,5,7,726.6316272162019,5156.610372544362,0
292,augmentation_heavy,phase_oracle,5,7,726.6316272162019,5156.610372544362,0
293,augmentation_heavy,one_shot_stable,0,8,1305.2994475154433,6474.285259676599,0
293,augmentation_heavy,change_aware,5,7,736.9036940868915,5229.507070938564,0
293,augmentation_heavy,phase_oracle,5,7,736.9036940868915,5229.507070938564,0
294,augmentation_heavy,one_shot_stable,0,8,1299.6695892986825,6446.361162921465,0
294,augmentation_heavy,change_aware,5,7,733.7253710400128,5206.9517994957,0
294,augmentation_heavy,phase_oracle,5,7,733.7253710400128,5206.9517994957,0
295,augmentation_heavy,one_shot_stable,0,8,1303.7455452601655,6466.577904490421,0
295,augmentation_heavy,change_aware,5,7,736.0264422698133,5223.2815700797455,0
295,augmentation_heavy,phase_oracle,5,7,736.0264422698133,5223.2815700797455,0
296,augmentation_heavy,one_shot_stable,0,8,1318.3941164002144,6539.234817345064,0
296,augmentation_heavy,change_aware,5,7,744.2962582164481,5281.969104577554,0
296,augmentation_heavy,phase_oracle,5,7,744.2962582164481,5281.969104577554,0
297,augmentation_heavy,one_shot_stable,0,8,1300.883394693424,6452.381637679383,0
297,augmentation_heavy,change_aware,5,7,734.4106219845299,5211.814747922305,0
297,augmentation_heavy,phase_oracle,5,7,734.4106219845299,5211.814747922305,0
298,augmentation_heavy,one_shot_stable,0,8,1294.7637246958673,6422.028074491502,0
298,augmentation_heavy,change_aware,5,7,730.9557768634536,5187.2971113103,0
298,augmentation_heavy,phase_oracle,5,7,730.9557768634536,5187.2971113103,0
299,augmentation_heavy,one_shot_stable,0,8,1298.4067843055573,6440.097650155564,0
299,augmentation_heavy,change_aware,5,7,733.0124574889371,5201.8925407537035,0
299,augmentation_heavy,phase_oracle,5,7,733.0124574889371,5201.8925407537035,0
300,augmentation_heavy,one_shot_stable,0,8,1307.4533891444007,6484.968810156228,0
300,augmentation_heavy,change_aware,5,7,738.1196967031858,5238.136549025345,0
300,augmentation_heavy,phase_oracle,5,7,738.1196967031858,5238.136549025345,0
301,augmentation_heavy,one_shot_stable,0,8,1323.9446104037872,6566.765267602785,0
301,augmentation_heavy,change_aware,5,7,747.429776385804,5304.206413950615,0
301,augmentation_heavy,phase_oracle,5,7,747.429776385804,5304.206413950615,0
302,augmentation_heavy,one_shot_stable,0,8,1302.2182501766501,6459.0025208761845,0
302,augmentation_heavy,change_aware,5,7,735.1642114681796,5217.162667284026,0
302,augmentation_heavy,phase_oracle,5,7,735.1642114681796,5217.162667284026,0
303,augmentation_heavy,one_shot_stable,0,8,1282.634741856433,6361.868319607908,0
303,augmentation_heavy,change_aware,5,7,724.1083884906873,5138.703969221068,0
303,augmentation_heavy,phase_oracle,5,7,724.1083884906873,5138.703969221068,0
304,augmentation_heavy,one_shot_stable,0,8,1303.8498375768313,6467.095194381083,0
304,augmentation_heavy,change_aware,5,7,736.0853202487799,5223.69940325089,0
304,augmentation_heavy,phase_oracle,5,7,736.0853202487799,5223.69940325089,0
305,augmentation_heavy,one_shot_stable,0,8,1306.3319464711456,6479.406454496882,0
305,augmentation_heavy,change_aware,5,7,737.486588913091,5233.643639447697,0
305,augmentation_heavy,phase_oracle,5,7,737.486588913091,5233.643639447697,0
306,augmentation_heavy,one_shot_stable,0,8,1305.8971186966364,6477.249708735317,0
306,augmentation_heavy,change_aware,5,7,737.2411079286799,5231.90156032113,0
306,augmentation_heavy,phase_oracle,5,7,737.2411079286799,5231.90156032113,0
307,augmentation_heavy,one_shot_stable,0,8,1310.118292948836,6498.186733026226,0
307,augmentation_heavy,change_aware,5,7,739.6241617986185,5248.813128499267,0
307,augmentation_heavy,phase_oracle,5,7,739.6241617986185,5248.813128499267,0
308,augmentation_heavy,one_shot_stable,0,8,1292.8641745151226,6412.606305595008,0
308,augmentation_heavy,change_aware,5,7,729.8833903333294,5179.686818422554,0
308,augmentation_heavy,phase_oracle,5,7,729.8833903333294,5179.686818422554,0
309,augmentation_heavy,one_shot_stable,0,8,1291.334907020766,6405.021138822999,0
309,augmentation_heavy,change_aware,5,7,729.0200460118532,5173.560013427487,0
309,augmentation_heavy,phase_oracle,5,7,729.0200460118532,5173.560013427487,0
310,augmentation_heavy,one_shot_stable,0,8,1308.6223319474316,6490.766766459261,0
310,augmentation_heavy,change_aware,5,7,738.779620578408,5242.819761498627,0
310,augmentation_heavy,phase_oracle,5,7,738.779620578408,5242.819761498627,0
311,augmentation_heavy,one_shot_stable,0,8,1308.6970456942001,6491.137346643232,0
311,augmentation_heavy,change_aware,5,7,738.8218000461904,5243.119092098795,0
311,augmentation_heavy,phase_oracle,5,7,738.8218000461904,5243.119092098795,0
312,augmentation_heavy,one_shot_stable,0,8,1305.2759906201186,6474.168913475788,0
312,augmentation_heavy,change_aware,5,7,736.8904515525064,5229.413094035259,0
312,augmentation_heavy,phase_oracle,5,7,736.8904515525064,5229.413094035259,0
313,augmentation_heavy,one_shot_stable,0,8,1300.993784750599,6452.92917236297,0
313,augmentation_heavy,change_aware,5,7,734.4729424283771,5212.2570108725085,0
313,augmentation_heavy,phase_oracle,5,7,734.4729424283771,5212.2570108725085,0
314,augmentation_heavy,one_shot_stable,0,8,1301.7701099671626,6456.779745437127,0
314,augmentation_heavy,change_aware,5,7,734.9112149803095,5215.367253673189,0
314,augmentation_heavy,phase_oracle,5,7,734.9112149803095,5215.367253673189,0
315,augmentation_heavy,one_shot_stable,0,8,1296.5687135845847,6430.98081937954,0
315,augmentation_heavy,change_aware,5,7,731.9747790413933,5194.528557071256,0
315,augmentation_heavy,phase_oracle,5,7,731.9747790413933,5194.528557071256,0
316,augmentation_heavy,one_shot_stable,0,8,1309.8877559037696,6497.043269282697,0
316,augmentation_heavy,change_aware,5,7,739.4940126589275,5247.889512765281,0
316,augmentation_heavy,phase_oracle,5,7,739.4940126589275,5247.889512765281,0
317,augmentation_heavy,one_shot_stable,0,8,1308.7502097976565,6491.401040596376,0
317,augmentation_heavy,change_aware,5,7,738.8518137141685,5243.3320869449,0
317,augmentation_heavy,phase_oracle,5,7,738.8518137141685,5243.3320869449,0
318,augmentation_heavy,one_shot_stable,0,8,1296.3066248017399,6429.68085901663,0
318,augmentation_heavy,change_aware,5,7,731.8268174432905,5193.4785335339675,0
318,augmentation_heavy,phase_oracle,5,7,731.8268174432905,5193.4785335339675,0
319,augmentation_heavy,one_shot_stable,0,8,1300.5161099151915,6450.55990517935,0
319,augmentation_heavy,change_aware,5,7,734.2032722377904,5210.343270746343,0
319,augmentation_heavy,phase_oracle,5,7,734.2032722377904,5210.343270746343,0
